CASE_ID,ACCIDENT_YEAR,PROC_DATE,JURIS,COLLISION_DATE,COLLISION_TIME,OFFICER_ID,REPORTING_DISTRICT,DAY_OF_WEEK,CHP_SHIFT,POPULATION,CNTY_CITY_LOC,SPECIAL_COND,BEAT_TYPE,CHP_BEAT_TYPE,CITY_DIVISION_LAPD,CHP_BEAT_CLASS,BEAT_NUMBER,PRIMARY_RD,SECONDARY_RD,DISTANCE,DIRECTION,INTERSECTION,WEATHER_1,WEATHER_2,STATE_HWY_IND,CALTRANS_COUNTY,CALTRANS_DISTRICT,STATE_ROUTE,ROUTE_SUFFIX,POSTMILE_PREFIX,POSTMILE,LOCATION_TYPE,RAMP_INTERSECTION,SIDE_OF_HWY,TOW_AWAY,COLLISION_SEVERITY,NUMBER_KILLED,NUMBER_INJURED,PARTY_COUNT,PRIMARY_COLL_FACTOR,PCF_CODE_OF_VIOL,PCF_VIOL_CATEGORY,PCF_VIOLATION,PCF_VIOL_SUBSECTION,HIT_AND_RUN,TYPE_OF_COLLISION,MVIW,PED_ACTION,ROAD_SURFACE,ROAD_COND_1,ROAD_COND_2,LIGHTING,CONTROL_DEVICE,CHP_ROAD_TYPE,PEDESTRIAN_ACCIDENT,BICYCLE_ACCIDENT,MOTORCYCLE_ACCIDENT,TRUCK_ACCIDENT,NOT_PRIVATE_PROPERTY,ALCOHOL_INVOLVED,STWD_VEHTYPE_AT_FAULT,CHP_VEHTYPE_AT_FAULT,COUNT_SEVERE_INJ,COUNT_VISIBLE_INJ,COUNT_COMPLAINT_PAIN,COUNT_PED_KILLED,COUNT_PED_INJURED,COUNT_BICYCLIST_KILLED,COUNT_BICYCLIST_INJURED,COUNT_MC_KILLED,COUNT_MC_INJURED,PRIMARY_RAMP,SECONDARY_RAMP,LATITUDE,LONGITUDE,COUNTY,CITY,POINT_X,POINT_Y
91995436,2022,2023-02-15,9160,2022-01-30,0200,017873,,7,3,9,1100,0,3,5,,2,005,"COUNTY ROAD 9","5TH AVE",3168.00,E,N,A,-,N,,,,,,,,,,Y,1,1,0,1,A,-,01,23152,A,N,E,I,A,A,H,-,D,D,0,,,,,Y,Y,A,01,0,0,0,0,0,0,0,0,0,"- ","- ",39.766609191894531,-122.09265899658203,GLENN,UNINCORPORATED,-122.09315490722656,39.766571044921875
91523366,2021,2021-07-19,9160,2021-07-09,0220,020810,,5,3,9,1100,0,3,5,,2,007,"COUNTY RD Z","STATE ROUTE 162",570.00,S,N,A,-,N,,,,,,,,,,Y,2,0,2,2,A,-,08,22107,,N,A,C,A,A,H,-,D,D,0,,,,,Y,,D,22,2,0,0,0,0,0,0,0,0,"- ","- ",39.462810516357422,-122.93006896972656,GLENN,UNINCORPORATED,-121.93016052246094,39.462577819824219
91699030,2022,2022-02-11,9160,2022-02-02,0415,015118,,3,3,9,1100,0,1,1,,2,004,"I-5 S/B","BOYD OVERFLOW U/C",292.00,N,N,A,-,Y,GLE,,5,,R,11.995,H,,L,Y,2,0,1,1,A,-,08,22107,,N,E,I,A,A,H,-,D,D,0,,,,,Y,,D,22,1,0,0,0,0,0,0,0,0,"- ","- ",39.555038452148438,-122.21492004394531,GLENN,UNINCORPORATED,-122.21486663818359,39.555034637451172
9254881,2021,2021-05-03,1101,2021-04-02,1055,510,ORLAN,5,5,2,1101,0,0,0,,0,ORLAND,"6TH ST","W MONTEREY ST",0.00,,Y,A,-,N,,,,,,,,,,Y,2,0,1,2,A,-,08,22107,,N,D,G,A,A,H,-,A,D,0,,Y,,,Y,,L,04,1,0,0,0,0,0,1,0,0,"- ","- ",,,GLENN,ORLAND,-122.19699859619141,39.752944946289062
91158931,2019,2020-01-03,9160,2019-12-29,0815,018737,,7,1,9,1100,0,1,3,,2,014,SR-162,CR-302,13728.00,W,N,B,-,Y,,,162,,,,,,,Y,2,0,1,1,A,-,08,22107,,N,E,I,A,A,H,-,B,D,0,,,,,Y,,A,01,1,0,0,0,0,0,0,0,0,"- ","- ",39.580329895019531,-122.38829803466797,GLENN,UNINCORPORATED,-122.3883056640625,39.580307006835938
91790394,2022,2022-06-07,9160,2022-05-27,0909,018737,,5,1,9,1100,0,1,1,,2,006,"I-5 N/B","COUNTY ROAD 7",1056.00,N,N,B,-,Y,GLE,,5,,R,28.045,H,,R,Y,2,0,1,1,A,-,08,22107,,N,F,A,A,A,H,-,A,D,0,,,Y,,Y,,C,02,1,0,0,0,0,0,0,0,1,"- ","- ",39.787128448486328,-122.20395660400391,GLENN,UNINCORPORATED,-122.20394134521484,39.787128448486328
94590697,2024,2025-02-26,9160,2024-07-16,2130,020558,,2,2,9,1100,0,3,5,,2,007,"COUNTY ROAD X","COUNTY ROAD 34",0.00,,Y,A,-,N,,,,,,,,,,Y,1,2,0,1,A,-,01,23152,G,N,E,I,A,A,H,-,D,A,0,,,,,Y,,D,22,0,0,0,0,0,0,0,0,0,"- ","- ",39.61614990234375,-122.02745056152344,GLENN,UNINCORPORATED,-122.02751159667969,39.616127014160156
90246558,2016,2016-08-17,9160,2016-06-20,0200,016473,,1,3,9,1100,0,1,3,,2,014,"STATE ROUTE 162","COUNTY ROAD 302",2640.00,W,N,A,-,Y,,,162,,,,,,,Y,1,1,1,1,A,-,01,23152,E,N,E,I,A,A,H,-,D,D,0,,,,,Y,,A,01,0,1,0,0,0,0,0,0,0,"- ","- ",39.557920000000003,-122.36351000000001,GLENN,UNINCORPORATED,-122.36353008,39.557894849999997
91290522,2020,2020-08-21,9160,2020-08-11,1755,019043,,2,2,9,1100,0,3,5,,2,001,"CO RD 48","CO RD B",1056.00,E,N,A,-,N,,,,,,,,,,Y,2,0,2,1,A,-,08,22107,,N,E,I,A,A,H,-,A,C,0,,,,,Y,,A,01,1,1,0,0,0,0,0,0,0,"- ","- ",39.538768768310547,-122.28070831298828,GLENN,UNINCORPORATED,-122.28319549560547,39.538734436035156
91509231,2020,2021-06-29,9160,2020-11-01,1844,018750,,7,2,2,1102,0,1,1,,2,004,"INTERSTATE 5 NORTHBOUND","STATE ROUTE 162",2640.00,S,N,A,-,Y,,,5,,,,,,N,Y,1,1,0,1,A,-,01,23152,F,N,F,A,A,A,H,-,D,D,0,,,,,Y,,A,07,0,0,0,0,0,0,0,0,0,"- ","- ",39.517589569091797,-122.21312713623047,GLENN,WILLOWS,-122.21324157714844,39.517528533935547
8787016,2018,2019-02-11,1101,2018-12-07,1723,502,1101,5,5,2,1101,0,0,0,,0,,"SOUTH ST","6TH ST",123.00,E,N,A,-,N,,,,,,,,,,N,2,0,1,2,A,-,08,22107,,N,H,G,A,A,H,-,C,A,0,,Y,,,Y,,L,04,1,0,0,0,0,0,1,0,0,"- ","- ",,,GLENN,ORLAND,-122.19685363769531,39.740242004394531
9151090,2020,2020-09-21,1101,2020-05-12,1358,502,ORLAN,2,5,2,1101,0,0,0,,0,CITY,"SOUTH ST","GLEN ORO DR",336.00,W,N,B,-,N,,,,,,,,,,Y,2,0,4,2,A,-,08,22103,,N,D,C,A,A,H,-,A,D,0,,,,,Y,,A,07,1,3,0,0,0,0,0,0,0,"- ","- ",,,GLENN,ORLAND,-122.19007873535156,39.740127563476562
90855657,2018,2018-11-07,9160,2018-10-28,0217,019164,,7,3,9,1100,0,3,5,,2,005,"COUNTY ROAD 24","COUNTY ROAD O",275.00,E,N,A,-,N,,,,,,,,,,Y,2,0,1,1,A,-,01,23152,F,N,E,I,A,A,H,-,D,D,0,,,,,Y,,D,22,1,0,0,0,0,0,0,0,0,"- ","- ",39.710720062255859,-122.14434051513672,GLENN,UNINCORPORATED,-122.14472198486328,39.710712432861328
91715470,2022,2022-03-04,9160,2022-02-21,0730,016148,,1,1,9,1100,0,1,3,,1,010,SR-45,"COUNTY ROAD 64",454.00,S,N,A,-,Y,GLE,,45,,,1.935,H,,R,Y,2,0,1,1,A,-,08,22107,,N,E,I,A,A,H,-,A,D,0,,,,,Y,,A,01,1,0,0,0,0,0,0,0,0,"- ","- ",39.441780090332031,-122.01326751708984,GLENN,UNINCORPORATED,-122.01316833496094,39.441837310791016
92025290,2022,2023-03-22,9160,2022-04-09,1400,019043,,6,2,9,1100,0,1,3,,2,014,SR-45,SR-162,3696.00,N,N,A,G,Y,GLE,,45,,,3.726,H,,R,Y,1,1,0,1,A,-,08,22107,,N,E,8,A,A,H,-,A,D,0,,,,,Y,,D,22,0,0,0,0,0,0,0,0,0,"- ","- ",39.466789245605469,-122.01930999755859,GLENN,UNINCORPORATED,-122.01939392089844,39.466781616210938
6363418,2014,2014-06-03,1101,2014-01-01,0629,506,ORLAN,3,5,2,1101,0,0,0,,0,ORLAND,"NEWVILLE RD","COUNTY ROAD HH",0.00,,Y,A,-,N,,,,,,,,,,,2,0,1,2,A,-,09,21801,A,N,D,C,A,A,H,-,D,D,0,,,,,Y,,D,22,1,0,0,0,0,0,0,0,0,"- ","- ",,,GLENN,ORLAND,-122.21569061,39.754762239999998
94374226,2024,2024-08-30,9160,2024-08-16,1721,022188,,5,2,9,1100,0,1,3,,1,008,"SR-32 E/B","COUNTY ROAD S",0.00,,Y,A,-,Y,GLE,,32," ",R,5.091,H,,R,Y,2,0,1,2,A,-,09,21801,A,N,A,C,A,A,H,-,A,D,0,,,,,Y,,D,22,1,0,0,0,0,0,0,0,0,"- ","- ",39.745918273925781,-122.10447692871094,GLENN,UNINCORPORATED,-122.10447692871094,39.745925903320312
91613506,2021,2021-11-02,9160,2021-10-21,0210,015118,,4,3,9,1100,0,1,1,,2,006,"I-5 (S/B)","CO. RD. 3",240.00,S,N,B,C,Y,,,5,,,,,,,Y,2,0,1,1,A,-,08,22107,,N,F,A,A,B,H,-,D,D,0,,,,,Y,,A,07,1,0,0,0,0,0,0,0,0,"- ","- ",39.793758392333984,-122.20224761962891,GLENN,UNINCORPORATED,-122.20229339599609,39.793773651123047
91720815,2022,2022-03-11,9160,2022-03-10,0110,017873,,4,3,9,1100,0,2,4,,2,016,"COUNTY ROAD 99W","COUNTY ROAD 3",528.00,N,N,A,-,N,,,,,,,,,,Y,2,0,1,1,A,-,08,22107,,N,E,I,A,A,H,-,D,D,0,,,,,Y,,A,01,1,0,0,0,0,0,0,0,0,"- ","- ",39.795791625976562,-122.19744873046875,GLENN,UNINCORPORATED,-122.19738006591797,39.795860290527344
94816170,2025,2025-08-25,9160,2025-05-18,2005,017873,,7,2,9,1100,0,2,4,,2,016,"COUNTY ROAD 99W","COUNTY ROAD 21",658.00,S,N,A,-,N,,,,,,,,,,Y,1,1,0,1,A,-,08,22107,,N,E,I,A,A,H,-,A,D,0,,,,,Y,,D,22,0,0,0,0,0,0,0,0,0,"- ","- ",39.720211029052734,-122.19699096679688,GLENN,UNINCORPORATED,-122.19701385498047,39.720294952392578
6931792,2015,2016-11-01,9160,2015-04-18,1805,17692,,6,2,9,1100,0,1,3,,2,014,"RT 162","THUNDER HILL RACE WY",1056.00,E,N,A,-,Y,GLE,3,162,-,-,59.220,H,-,E,Y,2,0,2,1,A,-,01,23152,A,N,E,I,A,A,H,-,A,D,0,,,,,Y,Y,A,01,1,1,0,0,0,0,0,0,0,"- ","- ",39.530990000000003,-122.32684,GLENN,UNINCORPORATED,-122.32784837,39.531067630000003
91084214,2019,2019-09-26,9160,2019-09-19,0445,017873,,4,3,9,1100,0,1,1,,2,006,"INTERSTATE 5 SB",SR-32,220.00,S,N,A,-,Y,,,5,,,,,,S,Y,2,0,2,2,A,-,08,22107,,N,E,I,A,A,H,-,D,D,0,,,,,Y,,A,07,1,0,1,0,0,0,0,0,0,"- ","- ",39.750091552734375,-122.20558929443359,GLENN,UNINCORPORATED,-122.20568084716797,39.750091552734375
94422668,2024,2024-10-08,9160,2024-09-27,1350,017577,,5,1,9,1100,0,3,5,,2,007,"COUNTY ROAD 39","COUNTY ROAD P",0.00,,Y,A,-,N,,,,,,,,,,Y,2,0,2,2,A,-,12,22450,A,N,D,2,A,A,H,-,A,A,0,,,,,Y,,A,01,1,1,0,0,0,0,0,0,0,"- ","- ",39.582241058349609,-122.13710784912109,GLENN,UNINCORPORATED,-122.13710784912109,39.582244873046875
90352280,2016,2016-12-27,9160,2016-11-13,1645,017613,,7,2,9,1100,0,1,3,,2,012,"STATE ROUTE 162","COUNTY ROAD P",211.00,E,N,A,-,Y,,,162,,,,,,,Y,1,2,2,1,A,-,08,22107,,N,F,A,A,A,H,-,A,D,0,,,,,Y,,D,22,0,0,2,0,0,0,0,0,0,"- ","- ",39.523980000000002,-122.13356,GLENN,UNINCORPORATED,-122.13356075999999,39.523932610000003
91626499,2021,2021-11-16,9160,2021-11-15,1645,018750,,1,2,9,1100,0,3,5,,2,003,"COUNTY ROAD E","COUNTY ROAD 200",2640.00,N,N,B,-,N,,,,,,,,,,Y,2,0,1,1,A,-,08,22107,,N,E,I,A,A,H,-,D,D,0,,,,,Y,,A,01,1,0,0,0,0,0,0,0,0,"- ","- ",39.770671844482422,-122.23867797851562,GLENN,UNINCORPORATED,-122.23866271972656,39.7708740234375
91567725,2021,2021-09-13,9160,2021-09-02,2120,020810,,4,2,9,1100,0,1,3,,2,014,"STATE ROUTE 162","COUNTY ROAD BB",1200.00,E,N,A,-,Y,,,162,,,,,,,Y,2,0,1,1,A,-,01,23152,A,N,E,I,A,A,H,-,D,D,0,,,,,Y,Y,D,22,1,0,0,0,0,0,0,0,0,"- ","- ",39.524009704589844,-122.27294158935547,GLENN,UNINCORPORATED,-122.27294158935547,39.524070739746094
8462926,2017,2017-10-30,1101,2017-09-26,1911,DM,ORLAN,2,5,2,1101,0,0,0,,0,ORLAND,"A ST","COLUSA ST",0.00,,Y,A,-,N,,,,,,,,,,N,2,0,2,3,A,-,12,22450,A,F,D,C,A,A,H,-,B,A,0,,,,,Y,,A,01,1,0,1,0,0,0,0,0,0,"- ","- ",,,GLENN,ORLAND,-122.18893995000001,39.74626997
91262183,2020,2020-07-02,9160,2020-06-22,0855,018737,,1,1,9,1100,0,3,5,,2,003,"COUNTY ROAD 200","WACKERMAN RD.",1584.00,E,N,A,-,N,,,,,,,,,,Y,2,0,1,1,A,-,03,22350,,N,F,A,A,A,C,-,A,D,0,,,,,Y,,A,01,1,0,0,0,0,0,0,0,0,"- ","- ",39.796089172363281,-122.31582641601562,GLENN,UNINCORPORATED,-122.3153076171875,39.795818328857422
91331693,2020,2020-10-26,9160,2020-10-15,1845,020218,,4,2,9,1100,0,1,3,,2,012,"STATE ROUTE 162","COUNTY ROAD V",0.00,,Y,A,-,Y,,,162,,,,,,,Y,2,0,1,2,C,-,18,,,N,A,C,A,A,H,-,B,D,0,,,Y,,Y,,-,"- ",1,0,0,0,0,0,0,0,1,"- ","- ",39.521629333496094,-122.06513977050781,GLENN,UNINCORPORATED,-122.06513977050781,39.521575927734375
92314007,2023,2024-02-14,9160,2023-12-17,"130 ",021204,,7,3,9,1100,0,1,1,,2,006,"I-5 N/B",CR-7,4752.00,S,N,A,-,Y,GLE,,5," ",R,26.967,H,,R,N,1,1,0,2,A,-,11,21954,A,F,G,B,E,A,H,-,D,D,0,Y,,,,Y,,N,60,0,0,0,1,0,0,0,0,0,"- ","- ",39.771369934082031,-122.20474243164062,GLENN,UNINCORPORATED,-122.20476531982422,39.771369934082031
9149583,2020,2020-11-19,1101,2020-08-08,0809,504,ORLAN,6,5,2,1101,0,0,0,,0,CITY,"NEWVILLE RD","8TH ST",243.00,W,N,A,-,Y,GLE,3,32,-,R,0.360,H,-,W,N,2,0,1,2,A,-,08,22107,,N,D,G,A,A,H,-,A,D,0,,Y,,,Y,,L,04,1,0,0,0,0,0,1,0,0,"- ","- ",,,GLENN,ORLAND,-122.19989776611328,39.748435974121094
90079105,2015,2015-12-21,9160,2015-09-26,0152,013178,,6,3,9,1100,0,2,4,,2,016,"COUNTY ROAD 99W","COUNTY ROAD 20",36.00,N,N,A,-,N,,,,,,,,,,Y,1,1,0,1,A,-,01,23152,A,N,E,I,A,A,H,-,D,D,0,,,,,Y,Y,A,07,0,0,0,0,0,0,0,0,0,"- ","- ",39.726320000000001,-122.19695,GLENN,UNINCORPORATED,-122.19691014,39.725808569999998
90755282,2018,2018-06-25,9160,2018-03-19,0739,017613,,1,1,9,1100,0,1,1,,2,006,"INTERSTATE 5 NORTHBOUND","COUNTY ROAD 7",1584.00,N,N,A,-,Y,,,5,,,,,,N,Y,1,1,0,1,A,-,08,22107,,N,F,A,A,A,H,-,A,D,0,,,,,Y,,A,07,0,0,0,0,0,0,0,0,0,"- ","- ",39.788368225097656,-122.20345306396484,GLENN,UNINCORPORATED,-122.20359039306641,39.788414001464844
91707009,2021,2022-02-23,9160,2021-05-22,1905,019164,,6,2,2,1101,0,1,1,,2,006,"I-5 SOUTHBOUND TO NEWVILLE ROAD","NEWVILLE ROAD",0.00,,Y,A,-,Y,,,5,,,,R,,S,Y,1,1,0,1,A,-,03,22350,,N,E,8,A,A,H,-,A,A,0,,,,,Y,,A,01,0,0,0,0,0,0,0,0,0,"- ","- ",39.751319885253906,-122.20748901367188,GLENN,ORLAND,-122.20748901367188,39.751319885253906
92259180,2023,2023-12-11,9160,2023-06-16,1602,019718,,5,2,9,1100,0,1,1,,2,002,"INTERSTATE 5 SOUTHBOUND","COUNTY ROAD 57",563.00,S,N,A,-,Y,GLE,,5," ",R,7.747,H,,L,Y,1,3,1,2,A,-,08,22107,,N,H,A,A,A,H,-,A,D,0,,,,,Y,,A,08,0,1,0,0,0,0,0,0,0,"- ","- ",39.496860504150391,-122.19803619384766,GLENN,UNINCORPORATED,-122.19810485839844,39.496841430664062
91214180,2020,2020-03-23,9160,2020-03-12,1013,017577,,4,1,9,1100,0,3,5,,2,007,"COUNTY ROAD Z","COUNTY ROAD 50",5280.00,S,N,A,-,N,,,,,,,,,,Y,2,0,1,1,A,-,08,22107,,N,F,A,A,A,H,-,A,D,0,,,,,Y,,A,01,1,0,0,0,0,0,0,0,0,"- ","- ",39.507179260253906,-122.92983245849609,GLENN,UNINCORPORATED,-121.92982482910156,39.507850646972656
91118520,2019,2020-02-11,9160,2019-05-01,1415,019568,,3,2,9,1100,0,3,5,,2,005,"COUNTY ROAD 203","COUNTY ROAD 9",528.00,S,N,A,-,N,,,,,,,,,,Y,1,1,0,2,A,-,08,22107,,N,H,G,A,A,H,-,A,D,0,,Y,,,Y,,A,01,0,0,0,0,0,1,0,0,0,"- ","- ",39.764671325683594,-122.02924346923828,GLENN,UNINCORPORATED,-122.02983093261719,39.765209197998047
91596647,2021,2021-10-14,9160,2021-10-07,1900,017319,,4,2,9,1100,0,3,5,,2,001,"CO RD 7","CO RD DD",267.00,W,N,A,-,N,,,,,,,,,,Y,2,0,1,1,A,-,01,23152,A,N,E,I,A,A,H,-,D,D,0,,,,,Y,Y,A,01,1,0,0,0,0,0,0,0,0,"- ","- ",39.784141540527344,-122.24858856201172,GLENN,UNINCORPORATED,-122.24855041503906,39.784133911132812
7128313,2015,2015-12-07,1101,2015-11-30,1326,GC,ORLAN,1,5,2,1101,0,0,0,,0,CITY,"6TH ST","TEHAMA ST",0.00,,Y,A,-,N,,,,,,,,,,Y,2,0,1,2,A,-,01,23152,B,N,D,C,A,A,H,-,A,A,0,,,,,Y,Y,A,01,1,0,0,0,0,0,0,0,0,"- ","- ",,,GLENN,ORLAND,-122.19741993,39.749579939999997
91376672,2020,2020-12-29,9160,2020-12-21,2305,017873,,1,3,9,1100,0,1,1,,2,002,"INTERSTATE 5 NB","COUNTY ROAD 68",2112.00,S,N,E,-,Y,,,5,,,,,,N,Y,2,0,1,1,A,-,08,22107,,N,E,I,A,B,H,-,D,D,0,,,,,Y,,A,07,1,0,0,0,0,0,0,0,0,"- ","- ",39.401069641113281,-122.1944580078125,GLENN,UNINCORPORATED,-122.19449615478516,39.40106201171875
90916042,2018,2019-01-30,9160,2018-07-06,1606,018895,,5,2,9,1100,0,1,1,,2,006,"I-5 N/B","COUNTY ROAD 24",345.00,N,N,B,-,Y,,,5,,,,,,N,Y,1,2,3,1,A,-,08,22107,,N,F,A,A,A,H,-,A,D,0,,,,,Y,,A,07,0,3,0,0,0,0,0,0,0,"- ","- ",39.712661743164062,-122.20594024658203,GLENN,UNINCORPORATED,-122.20598602294922,39.712661743164062
90371072,2016,2017-01-17,9160,2016-11-18,0400,018777,,5,3,9,1100,0,1,1,,2,004,"I-5 S/B","WILSON CREEK NORTH EDGE BRIDGE RAIL",130.00,S,N,A,-,Y,,,5,,,,,,S,Y,2,0,1,2,A,-,05,21651,C,N,A,C,A,A,H,-,D,D,0,,,,,Y,,A,07,1,0,0,0,0,0,0,0,0,"- ","- ",39.563450000000003,-122.2136,GLENN,UNINCORPORATED,-122.21355739000001,39.563442969999997
91348871,2020,2020-11-19,9160,2020-11-11,1705,019164,,3,2,9,1100,0,3,5,,2,005,"COUNTY ROAD 200","COUNTY ROAD P",0.00,,Y,A,-,N,,,,,,,,,,Y,2,0,3,2,A,-,09,21802,A,N,D,C,A,A,H,-,B,A,0,,,,,Y,,A,01,2,1,0,0,0,0,0,0,0,"- ","- ",39.725139617919922,-122.14098358154297,GLENN,UNINCORPORATED,-122.24772644042969,39.766788482666016
91059826,2019,2019-08-26,9160,2019-08-16,0235,015118,,5,3,9,1100,0,3,5,,2,007,"CO. RD. 45","CO. RD. P",5280.00,W,N,A,-,N,,,,,,,,,,Y,2,0,1,1,A,-,01,23152,F,N,E,I,A,A,H,-,D,D,0,,,,,Y,,A,01,1,0,0,0,0,0,0,0,0,"- ","- ",39.553298950195312,-122.14321136474609,GLENN,UNINCORPORATED,-122.15560913085938,39.553340911865234
90453894,2017,2017-05-11,9160,2017-05-03,1635,017613,,3,2,9,1100,0,1,1,,2,004,"I-5 N/B","COUNTY ROAD 35",4752.00,S,N,A,-,Y,,,5,,,,,,N,Y,2,0,1,1,A,-,08,22107,,N,F,A,A,A,H,-,A,D,0,,,Y,,Y,,C,02,1,0,0,0,0,0,0,0,1,"- ","- ",39.602620000000002,-122.20851999999999,GLENN,UNINCORPORATED,-122.20848822000001,39.602617729999999
91156779,2019,2019-12-31,9160,2019-12-22,2110,017873,,7,2,9,1100,0,1,3,,2,012,SR-162,"EUREKA ST",300.00,N,N,B,-,Y,,,162,,,,,,,N,2,0,2,1,A,-,08,22107,,N,E,I,A,B,H,-,C,A,0,,,,,Y,,A,01,2,0,0,0,0,0,0,0,0,"- ","- ",39.464218139648438,-121.99195861816406,GLENN,UNINCORPORATED,-121.99187469482422,39.464176177978516
91323343,2020,2020-10-14,9160,2020-10-04,0450,020810,,7,3,9,1100,0,1,3,,1,010,SR-45,CR-48,5280.00,N,N,A,-,Y,,,45,,,,,,,Y,2,0,2,2,A,-,08,22107,,N,A,C,A,A,H,-,D,D,0,,,,,Y,,A,01,1,1,0,0,0,0,0,0,0,"- ","- ",39.55120849609375,-122.00392913818359,GLENN,UNINCORPORATED,-122.00395202636719,39.551219940185547
91550765,2021,2021-08-23,9160,2021-08-11,1457,019164,,3,2,9,1100,0,1,3,,1,010,SR-45,"COUNTY ROAD 59",1056.00,N,N,A,-,Y,,,45,,,,,,,Y,2,0,1,1,A,-,08,22107,,N,F,A,A,A,H,-,A,D,0,,,,,Y,,D,22,1,0,0,0,0,0,0,0,0,"- ","- ",39.483669281005859,-122.01972961425781,GLENN,UNINCORPORATED,-122.01983642578125,39.483654022216797
92405569,2023,2024-06-04,9160,2023-05-22,1550,021204,,1,2,9,1100,0,1,3,,1,008,"COUNTY ROAD 200","COUNTY ROAD H",0.00,,Y,A,-,N,,,,,,,,,,N,1,1,0,2,A,-,03,22350,,N,G,B,D,A,H,-,A,D,0,Y,,,,Y,,A,01,0,0,0,1,0,0,0,0,0,"- ","- ",39.754779815673828,-122.21568298339844,GLENN,UNINCORPORATED,-122.21566009521484,39.754772186279297
94508497,2024,2024-12-18,9160,2024-12-07,2120,024063,,6,2,9,1100,0,1,3,,1,010,"STATE ROUTE 45","COUNTY ROAD 52",408.00,S,N,A,-,Y,GLE,,45," "," ",7.976,H,,R,Y,2,0,1,1,A,-,08,22107,,N,E,8,A,A,H,-,D,D,0,,,,,Y,,A,07,1,0,0,0,0,0,0,0,0,"- ","- ",39.527931213378906,-122.01242065429688,GLENN,UNINCORPORATED,-122.01239013671875,39.527923583984375
92079686,2023,2023-06-28,9160,2023-05-16,"817 ",017577,,2,1,9,1100,0,1,3,,2,014,"STATE HIGHWAY 162","162 GLE 50.37",354.00,W,N,A,-,Y,GLE,,162," "," ",50.302,H,,R,Y,2,0,2,2,A,-,08,22107,,F,A,3,A,A,H,-,A,D,0,,,,,Y,,A,07,2,0,0,0,0,0,0,0,0,"- ","- ",39.591499328613281,-122.45892333984375,GLENN,UNINCORPORATED,-122.45888519287109,39.591541290283203
90803802,2018,2018-08-31,9160,2018-08-22,1100,018128,,3,1,9,1100,0,2,4,,2,016,"COUNTY ROAD 99W","1ST AVE",621.00,S,N,A,-,N,,,,,,,,,,Y,2,0,2,2,A,-,05,21460,A,N,A,C,A,A,H,-,A,D,0,,,,,Y,,A,07,1,1,0,0,0,0,0,0,0,"- ","- ",39.31549072265625,-122.11363983154297,GLENN,UNINCORPORATED,,
91792219,2022,2022-06-10,9160,2022-05-29,1340,020810,,7,1,9,1100,0,3,5,,2,003,"COUNTY ROAD E","COUNTY ROAD 8",1800.00,N,N,A,-,N,,,,,,,,,,N,2,0,1,1,C,-,18,,,N,H,A,A,A,H,-,A,D,0,,,Y,,Y,,-,"- ",1,0,0,0,0,0,0,0,1,"- ","- ",39.781848907470703,-122.23857116699219,GLENN,UNINCORPORATED,-122.23854827880859,39.781780242919922
91454680,2021,2021-04-20,9160,2021-04-11,2050,019043,,7,2,9,1100,0,1,1,,2,002,"I-5 S/B","COUNTY ROAD 57",68.00,S,N,A,-,Y,,,,,,,,,,Y,2,0,1,1,A,-,08,22107,,N,E,I,A,A,H,-,C,D,0,,,,,Y,,D,22,1,0,0,0,0,0,0,0,0,"- ","- ",39.293899536132812,-122.11479949951172,GLENN,UNINCORPORATED,-122.19705200195312,39.494789123535156