CASE_ID,ACCIDENT_YEAR,PROC_DATE,JURIS,COLLISION_DATE,COLLISION_TIME,OFFICER_ID,REPORTING_DISTRICT,DAY_OF_WEEK,CHP_SHIFT,POPULATION,CNTY_CITY_LOC,SPECIAL_COND,BEAT_TYPE,CHP_BEAT_TYPE,CITY_DIVISION_LAPD,CHP_BEAT_CLASS,BEAT_NUMBER,PRIMARY_RD,SECONDARY_RD,DISTANCE,DIRECTION,INTERSECTION,WEATHER_1,WEATHER_2,STATE_HWY_IND,CALTRANS_COUNTY,CALTRANS_DISTRICT,STATE_ROUTE,ROUTE_SUFFIX,POSTMILE_PREFIX,POSTMILE,LOCATION_TYPE,RAMP_INTERSECTION,SIDE_OF_HWY,TOW_AWAY,COLLISION_SEVERITY,NUMBER_KILLED,NUMBER_INJURED,PARTY_COUNT,PRIMARY_COLL_FACTOR,PCF_CODE_OF_VIOL,PCF_VIOL_CATEGORY,PCF_VIOLATION,PCF_VIOL_SUBSECTION,HIT_AND_RUN,TYPE_OF_COLLISION,MVIW,PED_ACTION,ROAD_SURFACE,ROAD_COND_1,ROAD_COND_2,LIGHTING,CONTROL_DEVICE,CHP_ROAD_TYPE,PEDESTRIAN_ACCIDENT,BICYCLE_ACCIDENT,MOTORCYCLE_ACCIDENT,TRUCK_ACCIDENT,NOT_PRIVATE_PROPERTY,ALCOHOL_INVOLVED,STWD_VEHTYPE_AT_FAULT,CHP_VEHTYPE_AT_FAULT,COUNT_SEVERE_INJ,COUNT_VISIBLE_INJ,COUNT_COMPLAINT_PAIN,COUNT_PED_KILLED,COUNT_PED_INJURED,COUNT_BICYCLIST_KILLED,COUNT_BICYCLIST_INJURED,COUNT_MC_KILLED,COUNT_MC_INJURED,PRIMARY_RAMP,SECONDARY_RAMP,LATITUDE,LONGITUDE,COUNTY,CITY,POINT_X,POINT_Y
6558667,2014,2016-05-05,9160,2014-07-04,1400,018174,,5,2,9,1100,0,1,1,,2,004,"RT 5","COUNTY RD 48",1584.00,N,N,A,-,Y,GLE,3,5,-,R,11.080,H,-,S,Y,2,0,2,1,A,-,08,22107,,N,F,A,A,A,H,-,A,D,1,,,Y,,Y,,C,02,1,1,0,0,0,0,0,0,2,"- ","- ",,,GLENN,UNINCORPORATED,-122.2149424,39.541747260000001
91639808,2021,2021-12-01,9160,2021-11-18,2145,017873,,4,2,9,1100,0,3,5,,2,005,"COUNTY ROAD 24","COUNTY ROAD U",150.00,E,N,B,-,N,,,,,,,,,,Y,2,0,1,1,A,-,01,23152,A,N,F,A,A,A,H,-,D,D,0,,,,,Y,Y,D,22,1,0,0,0,0,0,0,0,0,"- ","- ",39.710018157958984,-122.0784912109375,GLENN,UNINCORPORATED,-122.07823944091797,39.7100830078125
7014156,2015,2015-08-18,1101,2015-07-03,1246,515,ORLAN,5,5,2,1101,0,0,0,,0,CITY,"NEWVILLE RD","COUNTY RD HH",0.00,,Y,A,-,N,,,,,,,,,,Y,2,0,1,2,A,-,09,21802,A,N,D,C,A,A,H,-,A,A,0,,,,,Y,,A,01,1,0,0,0,0,0,0,0,0,"- ","- ",,,GLENN,ORLAND,-122.238772,39.763612000000002
90842898,2018,2018-11-21,9160,2018-04-28,1230,018128,,6,1,9,1100,0,1,1,,2,002,"INTERSTATE 5 SOUTHBOUND","COUNTY ROAD 60",3168.00,N,N,A,-,Y,,,5,,,,,,S,Y,1,1,1,2,A,-,08,22107,,N,A,C,A,A,H,-,A,D,0,,,,Y,Y,,G,25,0,1,0,0,0,0,0,0,0,"- ","- ",39.478801727294922,-122.19570159912109,GLENN,UNINCORPORATED,-122.19603729248047,39.478797912597656
90975405,2019,2019-04-25,9160,2019-04-17,0718,019164,,3,1,9,1100,0,3,5,,2,007,"COUNTY ROAD V","COUNTY ROAD 39",0.00,,Y,A,F,N,,,,,,,,,,Y,2,0,3,2,A,-,09,21802,A,N,D,C,A,A,H,-,B,A,0,,,,,Y,,A,01,1,2,0,0,0,0,0,0,0,"- ","- ",39.582611083984375,-122.06535339355469,GLENN,UNINCORPORATED,-122.06513214111328,39.582668304443359
6681923,2014,2016-07-05,9160,2014-10-20,1605,018174,,1,2,9,1100,0,1,3,,1,008,"RT 32","COUNTY RD Q",1215.00,E,N,B,-,Y,GLE,3,32,-,-,3.930,H,-,E,Y,2,0,3,3,A,-,03,22350,,N,C,C,A,A,H,-,A,D,0,,,,,Y,,D,22,1,2,0,0,0,0,0,0,0,"- ","- ",39.746749999999999,-122.12304,GLENN,UNINCORPORATED,-122.12768450999999,39.746842119999997
91324702,2020,2020-10-15,9160,2020-09-22,1653,020558,,2,2,9,1100,0,3,5,,2,007,"COUNTY ROAD Y","COUNTY ROAD 67",4224.00,S,N,A,-,N,,,,,,,,,,Y,2,0,2,1,A,-,08,22107,,N,F,A,A,A,H,-,A,D,0,,,,,Y,,A,01,1,1,0,0,0,0,0,0,0,"- ","- ",39.407131195068359,-121.96656799316406,GLENN,UNINCORPORATED,-121.96660614013672,39.408481597900391
91357807,2020,2020-12-02,9160,2020-11-21,1050,019718,,6,1,9,1100,0,3,5,,2,005,"COUNTY ROAD P","COUNTY ROAD 24",0.00,,Y,A,-,N,,,,,,,,,,Y,2,0,2,2,A,-,09,21802,A,N,D,C,A,A,H,-,A,A,0,,,,,Y,,A,01,1,1,0,0,0,0,0,0,0,"- ","- ",39.716560363769531,-122.14099884033203,GLENN,UNINCORPORATED,-122.13243865966797,39.710609436035156
92013052,2022,2023-03-08,9160,2022-03-14,0600,018128,,1,1,9,1100,0,2,4,,2,016,"COUNTY ROAD 99W","COUNTY ROAD 7",0.00,,Y,A,-,N,,,,,,,,,,Y,1,1,0,2,A,-,09,21801,A,N,D,C,A,A,H,-,C,D,0,,,,Y,Y,,G,25,0,0,0,0,0,0,0,0,0,"- ","- ",39.783668518066406,-122.19767761230469,GLENN,UNINCORPORATED,-122.19764709472656,39.783664703369141
90436726,2016,2017-04-26,9160,2016-06-07,1522,013178,,2,2,9,1100,0,1,1,,2,006,"INTERSTATE 5",CR-20,587.00,S,N,A,-,Y,,,5,,,,,,,Y,1,1,3,4,A,-,03,22350,,N,C,C,A,A,D,-,A,A,0,,,,,Y,,D,22,0,2,1,0,0,0,0,0,0,"- ","- ",39.724139999999998,-122.20593,GLENN,UNINCORPORATED,-122.2058014,39.724137929999998
90758414,2018,2018-06-28,9160,2018-06-18,1650,014900,,1,2,2,1102,0,1,1,,2,002,"I-5 N/B TO COUNTY ROAD 57","COUNTY ROAD 57",320.00,S,N,A,-,Y,,,5,,,,R,,N,Y,2,0,1,1,A,-,08,22107,,N,E,I,A,A,H,-,A,D,0,,,,,Y,,E,22,1,0,0,0,0,0,0,0,0,"- ","- ",39.49420166015625,-122.19539642333984,GLENN,WILLOWS,-122.19539642333984,39.49420166015625
91252921,2020,2020-06-16,9160,2020-06-04,1652,019164,,4,2,9,1100,0,3,5,,2,005,"COUNTY ROAD 30","COUNTY ROAD M",4224.00,E,N,A,-,N,,,,,,,,,,N,2,0,1,1,A,-,01,23152,A,N,E,I,A,A,H,-,A,D,0,,,,,Y,Y,A,01,1,0,0,0,0,0,0,0,0,"- ","- ",39.652999877929688,-122.16259765625,GLENN,UNINCORPORATED,-122.16346740722656,39.653007507324219
92232252,2023,2023-11-29,9160,2023-10-26,1735,021168,,4,2,9,1100,0,2,4,,2,016,"COUNTY ROAD 99W","COUNTY ROAD 3",0.00,,Y,A,-,N,,,,,,,,,,N,2,0,5,2,A,-,03,22350,,N,C,C,A,A,H,-,A,D,0,,,,,Y,Y,A,01,1,3,1,0,0,0,0,0,0,"- ","- ",39.794399261474609,-122.19741821289062,GLENN,UNINCORPORATED,-122.19741058349609,39.794410705566406
94680909,2025,2025-05-09,9160,2025-04-29,"734 ",018128,,2,1,2,1101,0,1,1,,2,004,"I-5 N/B","COUNTY ROAD 48",2300.00,N,N,A,-,Y,GLE,,5," ",R,11.334,H,,R,Y,2,0,1,1,A,-,08,22107,,N,F,0,A,A,H,-,A,D,0,,,,,Y,,D,22,1,0,0,0,0,0,0,0,0,"- ","- ",39.545440673828125,-122.21453094482422,GLENN,ORLAND,-122.21465301513672,39.545440673828125
91285955,2020,2020-08-13,9160,2020-04-17,0730,019718,,5,1,9,1100,0,3,5,,2,007,"COUNTY ROAD 41","COUNTY ROAD U",1077.00,E,N,B,-,N,,,,,,,,,,Y,1,1,0,1,A,-,08,22107,,N,E,I,A,A,H,-,A,D,0,,,,,Y,,D,22,0,0,0,0,0,0,0,0,0,"- ","- ",39.572608947753906,-122.07061004638672,GLENN,UNINCORPORATED,-122.07070922851562,39.572654724121094
8012171,2016,2017-02-10,1101,2016-03-15,2018,505,ORLAN,2,5,2,1101,0,0,0,,0,CITY,"NEWVILLE RD","TEHAMA ST",169.00,W,N,A,-,Y,GLE,3,32,-,R,0.210,H,-,W,Y,2,0,2,2,A,-,09,21804,A,N,D,C,A,A,H,-,C,D,0,,,,,Y,Y,D,22,1,1,0,0,0,0,0,0,0,"- ","- ",,,GLENN,ORLAND,-122.20215847,39.749393830000002
90719930,2018,2018-05-04,9160,2018-04-28,1821,019164,,6,2,9,1100,0,1,1,,2,002,"I-5 S/B","COUNTY ROAD 57",5808.00,S,N,A,-,Y,,,,,,,,,,Y,2,0,2,2,A,-,03,22350,,N,C,C,A,A,H,-,A,D,0,,,,,Y,,A,01,1,1,0,0,0,0,0,0,0,"- ","- ",39.478118896484375,-122.14605712890625,GLENN,UNINCORPORATED,-122.19606781005859,39.479103088378906
91648951,2021,2021-12-10,9160,2021-09-19,1140,016148,,7,1,9,1100,0,3,5,,2,007,"COUNTY ROAD R","COUNTY ROAD 41",1584.00,S,N,A,-,N,,,,,,,,,,N,2,0,2,1,A,-,08,22107,,N,F,A,A,A,H,-,A,D,0,,,Y,,Y,,C,06,1,0,1,0,0,0,0,0,2,"- ","- ",39.570720672607422,-122.11714172363281,GLENN,UNINCORPORATED,-122.11700439453125,39.570518493652344
91982102,2021,2023-01-30,9160,2021-08-26,1325,019718,,4,1,9,1100,0,1,1,,2,004,"INTERSTATE 5","COUNTY ROAD 48",2760.00,N,N,A,-,Y,,,5,,,,,,,Y,1,1,0,1,A,-,08,22107,,N,E,I,A,A,H,-,A,D,0,,,,,Y,,D,22,0,0,0,0,0,0,0,0,0,"- ","- ",39.546550750732422,-122.21484375,GLENN,UNINCORPORATED,-122.21495819091797,39.546550750732422
8735771,2019,2019-02-11,1101,2019-01-25,2110,BS,,5,5,2,1101,0,0,0,,0,,"SOUTH ST","COUNTY RD K 1/2",195.00,W,N,A,-,N,,,,,,,,,,Y,2,0,2,4,A,-,05,21650,,N,C,B,F,A,H,-,D,D,0,Y,,,,Y,Y,A,01,1,0,1,0,2,0,0,0,0,"- ","- ",,,GLENN,ORLAND,-122.1904296875,39.740135192871094
90447067,2017,2017-05-02,9160,2017-04-28,0805,017692,,5,1,9,1100,0,1,3,,2,012,SR-162,"COUNTY ROAD Y",1056.00,W,N,A,-,Y,,,162,,,,,,,Y,2,0,3,2,A,-,16,24002,A,N,H,J,A,A,H,-,A,D,0,,,,Y,Y,,G,25,1,1,1,0,0,0,0,0,0,"- ","- ",39.464390000000002,-121.97208999999999,GLENN,UNINCORPORATED,-121.97209042999999,39.46434095
90094309,2015,2016-01-13,9160,2015-08-17,0230,017873,,1,3,9,1100,0,1,3,,2,012,SR-162,"SHASTA ST.",528.00,W,N,A,-,Y,,,162,,,,,,,Y,1,1,0,1,A,-,01,23152,A,N,E,I,A,A,H,-,D,A,0,,,,,Y,Y,A,01,0,0,0,0,0,0,0,0,0,"- ","- ",39.464889999999997,-121.99224,GLENN,UNINCORPORATED,-121.99175726,39.464296589999996
90879151,2018,2018-12-10,9160,2018-11-29,0400,017873,,4,3,9,1100,0,1,1,,2,004,"INTERSTATE 5 N/B","COUNTY ROAD 48",5280.00,N,N,C,-,Y,,,5,,,,,,N,Y,2,0,1,1,A,-,08,22107,,N,E,I,A,B,H,-,D,D,0,,,,Y,Y,,F,26,1,0,0,0,0,0,0,0,0,"- ","- ",39.555671691894531,-122.21456909179688,GLENN,UNINCORPORATED,-122.21446990966797,39.555656433105469
91323167,2020,2020-10-13,9160,2020-10-05,0655,016148,,1,1,9,1100,0,3,5,,2,005,"6TH AVE","LINDSAY AVE",154.00,S,N,A,-,N,,,,,,,,,,Y,2,0,1,1,A,-,08,22107,,N,E,I,A,A,H,-,A,D,0,,,,,Y,,A,07,1,0,0,0,0,0,0,0,0,"- ","- ",39.775169372558594,-122.11353302001953,GLENN,UNINCORPORATED,-122.113544,39.775328000000002
92320907,2024,2024-04-18,9160,2024-02-11,1324,016148,,7,1,9,1100,0,1,1,,2,002,"I-5 N/B","COUNTY ROAD 60",3696.00,S,N,A,-,Y,GLE,,5," ",R,4.911,H,,R,Y,2,0,1,1,A,-,08,22107,,N,E,I,A,A,H,-,A,D,0,,,,,Y,,A,01,1,0,0,0,0,0,0,0,0,"- ","- ",39.456081390380859,-122.19333648681641,GLENN,UNINCORPORATED,-122.19337463378906,39.456077575683594
91196213,2019,2020-02-27,9160,2019-10-04,2125,017873,,5,2,9,1100,0,1,3,,2,014,SR-162,"COUNTY ROAD 305",15840.00,E,N,A,-,Y,,,162,,,,,,,Y,1,1,0,1,A,-,01,23152,A,N,E,I,A,A,H,-,D,D,0,,,,,Y,Y,A,01,0,0,0,0,0,0,0,0,0,"- ","- ",39.641361236572266,-122.52314758300781,GLENN,UNINCORPORATED,-122.52322387695312,39.641338348388672
90818060,2018,2018-09-20,9160,2018-09-10,1025,014900,,1,1,9,1100,0,1,1,,2,006,"I-5 S/B","COUNTY ROAD 7",4752.00,S,N,A,-,Y,,,5,,,,,,S,Y,2,0,2,1,C,-,18,,,N,F,A,A,A,H,-,A,D,0,,,Y,,Y,,-,"- ",2,0,0,0,0,0,0,0,2,"- ","- ",39.770099639892578,-122.20509338378906,GLENN,UNINCORPORATED,-122.20512390136719,39.770099639892578
92184971,2023,2023-10-02,9160,2023-09-16,2230,018128,,6,3,9,1100,0,3,5,,2,005,"COUNTY ROAD S","COUNTY ROAD 33",86.00,N,N,A,-,N,,,,,,,,,,N,2,0,2,1,A,-,03,22350,,N,E,I,A,A,H,-,D,A,0,,,,,Y,,A,01,1,0,1,0,0,0,0,0,0,"- ","- ",39.623729705810547,-122.10401916503906,GLENN,UNINCORPORATED,-122.10422515869141,39.623672485351562
91394373,2021,2021-01-26,9160,2021-01-14,0702,018737,,4,1,9,1100,0,3,5,,2,003,"COUNTY ROAD 25","COUNTY ROAD D",0.00,,Y,A,-,N,,,,,,,,,,Y,2,0,2,2,A,-,03,22350,,N,D,C,A,A,H,-,B,D,0,,,,Y,Y,,A,07,2,0,0,0,0,0,0,0,0,"- ","- ",39.697238922119141,-122.25296020507812,GLENN,UNINCORPORATED,-122.25290679931641,39.697261810302734
91443946,2021,2021-04-06,9160,2021-03-27,0942,016148,,6,1,9,1100,0,1,3,,1,010,"SR-45 S/B","COUNTY ROAD 59",1056.00,S,N,A,-,Y,,,45,,,,,,S,Y,2,0,3,1,A,-,08,22107,,N,E,I,A,A,H,-,A,D,0,,,,,Y,,A,01,1,0,2,0,0,0,0,0,0,"- ","- ",39.474048614501953,-122.01876831054688,GLENN,UNINCORPORATED,-122.01898193359375,39.474067687988281
9597649,2023,2023-08-01,1101,2023-03-04,1748,510,OLAND,6,5,2,1101,0,0,0,,0,ORLAND,"6TH ST","TEHAMA ST",0.00,,Y,B,-,N,,,,,,,,,,Y,2,0,2,2,A,-,"- ",,,N,D,C,A,A,H,-,B,A,0,,,,,Y,,D,23,1,1,0,0,0,0,0,0,0,"- ","- ",,,GLENN,ORLAND,-122.19741821289062,39.749580383300781
6590757,2014,2016-05-05,9160,2014-08-07,1732,018174,,4,2,9,1100,0,1,1,,2,002,"RT 5","COUNTY RD 57",2640.00,S,N,A,-,Y,GLE,3,5,-,R,7.170,H,-,S,Y,2,0,2,2,A,-,07,21658,A,F,B,C,A,A,H,-,A,D,1,,,,Y,Y,,G,25,1,1,0,0,0,0,0,0,0,"- ","- ",39.487560000000002,-122.19601,GLENN,UNINCORPORATED,-122.19610991,39.488775619999998
92346654,2024,2024-03-25,9160,2024-03-13,"745 ",019043,,3,1,9,1100,0,3,5,,2,005,"5TH AVE","CO RD 9",0.00,,Y,A,-,N,,,,,,,,,,Y,2,0,1,2,A,-,09,21802,A,N,D,C,A,A,H,-,A,A,0,,,,,Y,,A,01,1,0,0,0,0,0,0,0,0,"- ","- ",39.768020629882812,-122.10417938232422,GLENN,UNINCORPORATED,-122.10424041748047,39.768039703369141
9640029,2023,2023-12-11,1101,2023-01-12,1943,505,,4,5,2,1101,0,0,0,,0,,"RT 32","PAPST AV",0.00,,Y,A,-,Y,GLE,3,32,-,-,1.020,I,5,E,Y,1,1,1,3,A,-,12,21453,A,N,D,-,A,A,H,-,C,A,0,,,Y,,Y,,C,02,1,0,0,0,0,0,0,1,0,"- ","- ",,,GLENN,ORLAND,-122.17812347412109,39.74725341796875
91692115,2022,2022-02-02,9160,2022-01-24,1830,018750,,1,2,9,1100,0,2,4,,2,016,"COUNTY ROAD 99W","COUNTY ROAD 9",1978.00,S,N,A,-,N,,,,,,,,,,Y,2,0,2,2,A,-,09,21804,A,N,H,G,A,A,H,-,D,D,0,,Y,Y,,Y,,L,04,2,0,0,0,0,0,1,0,1,"- ","- ",39.764011383056641,-122.19680023193359,GLENN,UNINCORPORATED,-122.19680023193359,39.763618469238281
91705577,2022,2022-02-22,9160,2022-02-11,1020,019718,,5,1,9,1100,0,1,1,,2,006,"I-5 NORTHBOUND","COUNTY ROAD 7",1100.00,N,N,A,-,Y,GLE,,5,,R,28.025,H,,R,Y,2,0,1,1,A,-,01,23152,A,N,E,I,A,A,H,-,A,D,0,,,,,Y,Y,A,01,1,0,0,0,0,0,0,0,0,"- ","- ",39.786838531494141,-122.20394897460938,GLENN,UNINCORPORATED,-122.20398712158203,39.786842346191406
90246936,2016,2016-08-17,9160,2016-08-14,0555,015118,,7,3,9,1100,0,1,1,,2,004,"I-5 (S/B)","CO. RD. 39",8448.00,N,N,A,-,Y,,,5,,,,,,,Y,2,0,3,1,A,-,08,22107,,N,E,I,A,A,H,-,B,D,0,,,,,Y,,A,01,1,1,1,0,0,0,0,0,0,"- ","- ",39.605460000000001,-122.20859,GLENN,UNINCORPORATED,-122.20845765,39.605438579999998
90471805,2017,2017-06-06,9160,2017-05-28,0619,017613,,7,1,9,1100,0,1,3,,1,010,"STATE ROUTE 45","COUNTY ROAD 44",1242.00,N,N,A,-,Y,,,45,,,,,,,Y,1,1,0,1,A,-,08,22107,,N,E,I,A,A,H,-,A,D,0,,,,,Y,,A,01,0,0,0,0,0,0,0,0,0,"- ","- ",39.560429999999997,-122.00506,GLENN,UNINCORPORATED,-122.0051921,39.560364110000002
91598685,2021,2021-10-18,9160,2021-09-25,1153,019718,,6,1,9,1100,0,1,1,,2,006,"INTERSTATE 5","COUNTY ROAD 48",6283.00,N,N,A,-,Y,,,5,,,,,,,Y,2,0,1,2,A,-,07,21658,A,N,C,C,A,A,H,-,A,D,0,,,,Y,Y,,A,01,1,0,0,0,0,0,0,0,0,"- ","- ",39.556049346923828,-122.21443939208984,GLENN,UNINCORPORATED,-122.21440887451172,39.556045532226562
92596314,2024,2024-07-24,9160,2024-07-15,2138,023166,,1,2,9,1100,0,1,3,,2,014,SR-162,"RD 304",2112.00,E,N,A,-,N,,,,,,,,,,Y,2,0,1,2,A,-,03,22350,,N,E,J,A,A,C,-,D,D,0,,,,,Y,,D,22,1,0,0,0,0,0,0,0,0,"- ","- ",39.614429473876953,-122.51796722412109,GLENN,UNINCORPORATED,-122.51894378662109,39.614120483398438
92084721,2023,2023-06-02,9160,2023-05-24,1520,019043,,3,2,9,1100,0,3,5,,2,007,"COUNTY ROAD 45","COUNTY RD MM",1500.00,E,N,A,-,N,,,,,,,,,,N,2,0,1,1,A,-,08,22107,,N,F,8,A,A,H,-,A,D,0,,,,,Y,,D,22,1,0,0,0,0,0,0,0,0,"- ","- ",39.553298950195312,-122.15978240966797,GLENN,UNINCORPORATED,-122.15965270996094,39.553348541259766
90059621,2015,2015-11-25,9160,2015-07-19,1740,018128,,7,2,9,1100,0,1,1,,2,002,"I-5 NB","COUNTY ROAD 60",4752.00,S,N,A,-,Y,,,5,,,,,,N,Y,1,1,5,1,A,-,08,22107,,N,E,I,A,A,H,-,A,D,0,,,,,Y,,A,07,2,3,0,0,0,0,0,0,0,"- ","- ",39.451880000000003,-122.19316000000001,GLENN,UNINCORPORATED,-122.19332857000001,39.451879949999999
90527469,2017,2017-08-21,9160,2017-08-20,0808,017613,,7,1,9,1100,0,1,3,,1,010,"STATE ROUTE 45","COUNTY ROAD 61",1223.00,N,N,A,-,Y,,,,,,,,,,Y,2,0,2,1,A,-,01,23152,A,N,E,I,A,A,H,-,A,D,0,,,,,Y,Y,A,01,1,1,0,0,0,0,0,0,0,"- ","- ",39.273800000000001,-122.01049999999999,GLENN,UNINCORPORATED,-122.01824348,39.460580620000002
91638698,2021,2021-11-30,9160,2021-11-19,1940,020558,,5,2,9,1100,0,3,5,,2,005,"COUNTY ROAD 9","COUNTY ROAD S",2112.00,E,N,A,-,N,,,,,,,,,,Y,2,0,1,1,A,-,01,23152,A,N,E,I,A,A,H,-,D,D,0,,,,,Y,Y,A,01,1,0,0,0,0,0,0,0,0,"- ","- ",39.766971588134766,-122.09709930419922,GLENN,UNINCORPORATED,-122.09686279296875,39.766921997070312
6603747,2014,2014-09-09,9160,2014-08-10,1700,018294,,7,2,9,1100,0,3,5,,2,005,"2ND ST","BROADWAY AV",0.00,,Y,A,-,N,,,,,,,,,,N,2,0,1,1,A,-,03,22350,,N,F,A,A,A,H,-,A,A,0,,,Y,,Y,,C,02,1,0,0,0,0,0,0,0,1,"- ","- ",,,GLENN,UNINCORPORATED,-122.01255994,39.739729949999997
8787004,2018,2019-02-11,1101,2018-12-12,1700,510,ORLAN,3,5,2,1101,0,0,0,,0,CITY,"6TH ST","W MONTEREY ST",121.00,N,N,A,-,N,,,,,,,,,,Y,2,0,1,2,A,-,01,21200,5,N,D,G,A,A,H,-,D,D,0,,Y,,,Y,Y,L,04,1,0,0,0,0,0,1,0,0,"- ","- ",,,GLENN,ORLAND,-122.19700622558594,39.753280639648438
90656327,2018,2018-02-06,9160,2018-02-01,0220,017873,,4,3,9,1100,0,1,1,,2,002,"INTERSTATE 5 SOUTHBOUND","COUNTY ROAD 60",1584.00,S,N,A,-,Y,,,5,,,,,,S,Y,2,0,1,1,A,-,08,22107,,N,F,A,A,A,H,-,D,D,0,,,,Y,Y,,G,25,1,0,0,0,0,0,0,0,0,"- ","- ",39.459499359130859,-122.19435882568359,GLENN,UNINCORPORATED,-122.19444274902344,39.459465026855469
91904166,2022,2022-10-28,9160,2022-10-19,0445,017873,,3,3,9,1100,0,2,4,,2,016,"COUNTY ROAD 99W","COUNTY ROAD 30",1056.00,N,N,A,-,N,,,,,,,,,,Y,2,0,1,2,A,-,06,21751,,N,B,C,A,A,H,-,D,D,0,,,Y,,Y,,A,01,1,0,0,0,0,0,0,0,1,"- ","- ",39.655559539794922,-122.19715118408203,GLENN,UNINCORPORATED,-122.19708251953125,39.656158447265625
90204243,2016,2016-06-17,9160,2016-06-11,1230,017692,,6,1,9,1100,0,1,3,,2,014,SR-162,"COUNTY ROAD 302",2640.00,W,N,A,-,Y,,,162,,,,,,,Y,2,0,2,1,A,-,08,22107,,N,F,A,A,A,H,-,A,D,0,,,Y,,Y,,C,02,2,0,0,0,0,0,0,0,2,"- ","- ",39.557540000000003,-122.36323,GLENN,UNINCORPORATED,-122.36317141000001,39.557675670000002
91863548,2022,2022-09-13,9160,2022-07-13,1022,016148,,3,1,9,1100,0,3,5,,2,007,"COUNTY ROAD 36","COUNTY ROAD U",17.00,W,N,A,-,N,,,,,,,,,,N,2,0,1,1,A,-,21,22106,,N,F,A,A,A,H,-,A,D,0,,,Y,,Y,,C,06,1,0,0,0,0,0,0,0,1,"- ","- ",39.601768493652344,-122.07456207275391,GLENN,UNINCORPORATED,-122.07450103759766,39.601661682128906
92154675,2023,2023-08-25,9160,2023-04-26,1933,019718,,3,2,9,1100,0,3,5,,2,005,"COUNTY ROAD P","COUNTY ROAD 24",0.00,,Y,A,-,N,,,,,,,,,,Y,1,1,0,2,A,-,12,22450,A,N,D,C,A,A,H,-,A,A,0,,,,,Y,,D,22,0,0,0,0,0,0,0,0,0,"- ","- ",39.710670471191406,-122.14095306396484,GLENN,UNINCORPORATED,-122.14096832275391,39.710681915283203
6498329,2014,2014-08-08,9160,2014-06-01,1450,018174,,7,2,9,1100,0,3,5,,2,007,"CO RD 39","CO RD VV",528.00,E,N,A,-,N,,,,,,,,,,Y,2,0,3,1,A,-,08,22107,,N,E,I,A,A,H,-,A,D,0,,,,,Y,,D,22,1,2,0,0,0,0,0,0,0,"- ","- ",39.582520000000002,-122.05325999999999,GLENN,UNINCORPORATED,-122.05387831,39.58252289
91300995,2020,2020-09-08,9160,2020-08-26,0515,020558,,3,3,9,1100,0,1,3,,2,012,"STATE HIGHWAY 162","COUNTY ROAD P",637.00,W,N,B,-,Y,,,162,,,,,,,Y,2,0,1,1,A,-,01,23152,A,F,E,I,A,A,H,-,D,D,0,,,,,Y,Y,A,07,1,0,0,0,0,0,0,0,0,"- ","- ",39.524280548095703,-122.13748931884766,GLENN,UNINCORPORATED,-122.13749694824219,39.524143218994141
91347098,2020,2020-11-17,9160,2020-11-08,1248,014900,,7,1,9,1100,0,3,5,,2,007,"COUNTY ROAD VV","COUNTY ROAD 36",1056.00,N,N,B,-,N,,,,,,,,,,N,2,0,1,1,A,-,08,22107,,N,H,A,A,A,H,-,A,D,0,,,Y,,Y,,C,06,1,0,0,0,0,0,0,0,1,"- ","- ",39.605110168457031,-122.05570220947266,GLENN,UNINCORPORATED,-122.05568695068359,39.604560852050781