CASE_ID,ACCIDENT_YEAR,PROC_DATE,JURIS,COLLISION_DATE,COLLISION_TIME,OFFICER_ID,REPORTING_DISTRICT,DAY_OF_WEEK,CHP_SHIFT,POPULATION,CNTY_CITY_LOC,SPECIAL_COND,BEAT_TYPE,CHP_BEAT_TYPE,CITY_DIVISION_LAPD,CHP_BEAT_CLASS,BEAT_NUMBER,PRIMARY_RD,SECONDARY_RD,DISTANCE,DIRECTION,INTERSECTION,WEATHER_1,WEATHER_2,STATE_HWY_IND,CALTRANS_COUNTY,CALTRANS_DISTRICT,STATE_ROUTE,ROUTE_SUFFIX,POSTMILE_PREFIX,POSTMILE,LOCATION_TYPE,RAMP_INTERSECTION,SIDE_OF_HWY,TOW_AWAY,COLLISION_SEVERITY,NUMBER_KILLED,NUMBER_INJURED,PARTY_COUNT,PRIMARY_COLL_FACTOR,PCF_CODE_OF_VIOL,PCF_VIOL_CATEGORY,PCF_VIOLATION,PCF_VIOL_SUBSECTION,HIT_AND_RUN,TYPE_OF_COLLISION,MVIW,PED_ACTION,ROAD_SURFACE,ROAD_COND_1,ROAD_COND_2,LIGHTING,CONTROL_DEVICE,CHP_ROAD_TYPE,PEDESTRIAN_ACCIDENT,BICYCLE_ACCIDENT,MOTORCYCLE_ACCIDENT,TRUCK_ACCIDENT,NOT_PRIVATE_PROPERTY,ALCOHOL_INVOLVED,STWD_VEHTYPE_AT_FAULT,CHP_VEHTYPE_AT_FAULT,COUNT_SEVERE_INJ,COUNT_VISIBLE_INJ,COUNT_COMPLAINT_PAIN,COUNT_PED_KILLED,COUNT_PED_INJURED,COUNT_BICYCLIST_KILLED,COUNT_BICYCLIST_INJURED,COUNT_MC_KILLED,COUNT_MC_INJURED,PRIMARY_RAMP,SECONDARY_RAMP,LATITUDE,LONGITUDE,COUNTY,CITY,POINT_X,POINT_Y
90462143,2017,2017-05-23,9160,2017-05-12,0926,017577,,5,1,9,1100,0,1,3,,1,010,"STATE HIGHWAY 45","ORD FERRY RD",0.00,,Y,A,-,Y,,,45,,,,,,,Y,2,0,2,2,A,-,08,22107,,N,A,C,A,A,H,-,A,D,0,,,,,Y,,D,22,1,1,0,0,0,0,0,0,0,"- ","- ",39.630600000000001,-122.00655999999999,GLENN,UNINCORPORATED,-122.00693197,39.630606749999998
91274292,2020,2020-07-27,9160,2020-05-22,2348,020810,,5,3,9,1100,0,3,5,,2,007,"FRONT ST","3RD ST",238.00,N,N,A,-,N,,,,,,,,,,Y,2,0,3,2,A,-,01,23152,G,F,D,C,A,A,H,-,D,A,0,,,,,Y,Y,A,01,2,0,1,0,0,0,0,0,0,"- ","- ",39.622398376464844,-122.19419097900391,GLENN,UNINCORPORATED,-122.19416046142578,39.624141693115234
90171842,2016,2016-05-03,9160,2016-04-23,2200,017692,,6,3,9,1100,0,1,1,,2,002,"I-5 S/B","COUNTY ROAD 68",28.00,S,N,A,-,Y,,,5,,,,,,S,Y,2,0,2,1,A,-,08,22107,,N,F,A,A,A,H,-,D,D,0,,,,,Y,,A,07,1,1,0,0,0,0,0,0,0,"- ","- ",39.406999999999996,-122.19593,GLENN,UNINCORPORATED,-122.19597544,39.40699935
8696184,2018,2018-10-18,1101,2018-06-26,1234,DM,1101,2,5,2,1101,0,0,0,,0,ORLAND,"EAST WALKER ST","PAPST AV",0.00,,Y,A,-,Y,GLE,3,32,-,-,1.020,I,5,E,Y,2,0,2,2,A,-,12,21453,A,N,D,C,A,A,H,-,A,A,0,,,,,Y,,A,01,1,0,1,0,0,0,0,0,0,"- ","- ",,,GLENN,ORLAND,-122.17841339111328,39.747257232666016
90149073,2016,2016-04-01,9160,2016-03-27,0830,018174,,7,1,9,1100,0,1,1,,2,002,"I-5 N/B","COUNTY ROAD 60",4224.00,N,N,A,-,Y,,,5,,,,,,N,Y,2,0,1,2,A,-,08,22107,,N,C,C,A,A,H,-,A,D,0,,,,Y,Y,,A,01,1,0,0,0,0,0,0,0,0,"- ","- ",39.478850000000001,-122.19561,GLENN,UNINCORPORATED,-122.19570566,39.478849449999998
91217712,2020,2020-03-27,9160,2020-03-22,1330,019043,,7,1,9,1100,0,3,5,,2,003,"CO RD 306","CO RD 315",16368.00,N,N,A,-,N,,,,,,,,,,Y,2,0,1,1,A,-,03,22350,,N,E,I,A,A,H,-,A,D,0,,,Y,,Y,,C,02,1,0,0,0,0,0,0,0,1,"- ","- ",39.750099182128906,-122.52834320068359,GLENN,UNINCORPORATED,-122.52744293212891,39.750141143798828
8416598,2017,2017-07-31,1101,2017-05-31,1952,TR,,3,5,2,1101,0,0,0,,0,,"WINTERPINE DR","WINTERPINE DR 996",0.00,,Y,A,-,N,,,,,,,,,,N,2,0,1,2,A,-,00,23103,A,N,H,A,A,A,H,-,B,D,0,,,,,Y,,A,01,1,0,0,0,0,0,0,0,0,"- ","- ",,,GLENN,ORLAND,-122.20308064,39.756376510000003
6475319,2014,2016-06-30,1101,2014-04-20,2021,BS,,7,5,2,1101,0,0,0,,0,,"RT 32","TEHAMA ST",0.00,,Y,A,-,Y,GLE,3,32,-,R,0.210,I,5,W,N,2,0,2,2,A,-,08,22107,,N,A,C,A,A,H,-,B,D,0,,,Y,,Y,,D,22,1,1,0,0,0,0,0,0,2,"- ","- ",,,GLENN,ORLAND,-122.20215847,39.749393830000002
90031019,2015,2015-10-19,9160,2015-09-30,1640,018128,,3,2,9,1100,0,3,5,,2,007,"COUNTY ROAD 60","COUNTY ROAD P",5280.00,E,N,A,B,N,,,,,,,,,,Y,2,0,1,2,A,-,03,22350,,N,D,C,A,A,H,-,A,D,0,,,,Y,Y,,A,01,1,0,0,0,0,0,0,0,0,"- ","- ",39.464579999999998,-122.11698,GLENN,UNINCORPORATED,-122.11809076999999,39.464570000000002
92138523,2023,2023-08-08,9160,2023-07-27,1627,018895,,4,2,9,1100,0,1,3,,2,012,SR-162,"MCDOUGAL STREET",2128.00,E,N,A,-,Y,,,,,,,,,,Y,2,0,1,1,A,-,08,22107,,N,E,J,A,A,H,-,A,D,0,,,,,Y,,A,01,1,0,0,0,0,0,0,0,0,"- ","- ",39.464820861816406,-121.981201171875,GLENN,UNINCORPORATED,-121.981201171875,39.464401245117188
90658157,2018,2018-02-09,9160,2018-02-01,1730,020558,,4,2,9,1100,0,3,5,,2,001,"COUNTY ROAD 306","COUNTY ROAD 410",1584.00,S,N,A,-,N,,,,,,,,,,Y,2,0,1,1,A,-,08,22107,,N,E,I,A,A,H,-,B,D,0,,,,,Y,,A,01,1,0,0,0,0,0,0,0,0,"- ","- ",39.478790283203125,-122.51471710205078,GLENN,UNINCORPORATED,-122.51506805419922,39.480209350585938
92022653,2022,2023-03-20,9160,2022-06-06,2305,020735,,1,3,9,1100,0,3,5,,2,007,"COUNTY ROAD 39","COUNTY ROAD S",1928.00,E,N,A,-,N,,,,,,,,,,Y,1,1,0,1,A,-,08,22107,,N,E,I,A,A,H,-,D,D,0,,,,,Y,,A,01,0,0,0,0,0,0,0,0,0,"- ","- ",39.582359313964844,-122.10064697265625,GLENN,UNINCORPORATED,-122.10072326660156,39.582431793212891
91470570,2021,2021-05-27,9160,2021-05-02,1024,014900,,7,1,9,1100,0,3,5,,2,003,"COUNTY ROAD 33","I-5 S/B FROM COUNTY ROAD 33",0.00,,Y,A,G,Y,,,,,,,,,,Y,2,0,4,2,A,-,03,22350,,N,D,C,A,A,H,-,A,D,0,,,,,Y,,A,07,1,3,0,0,0,0,0,0,0,"- ","- ",39.624378204345703,-122.20747375488281,GLENN,UNINCORPORATED,-122.20536804199219,39.624282836914062
6393666,2014,2015-11-14,9160,2014-02-22,1026,107577,,6,1,9,1100,0,1,1,,2,006,"RT 5","COUNTY RD 16",528.00,N,N,A,-,Y,GLE,3,5,-,R,24.920,H,-,S,Y,2,0,1,1,A,-,03,22350,,N,F,A,A,A,H,-,A,D,1,,,Y,,Y,,C,02,1,0,0,0,0,0,0,0,1,TO,"- ",,,GLENN,UNINCORPORATED,-122.20580298,39.741874690000003
8373141,2017,2017-06-02,1101,2017-05-09,0811,503,ORLAN,2,5,2,1101,0,0,0,,0,CITY,"3RD ST","MONTEREY ST",0.00,,Y,A,-,N,,,,,,,,,,N,2,0,1,2,A,-,10,21950,A,N,G,B,B,A,H,-,A,D,0,Y,,,,Y,,D,22,1,0,0,0,1,0,0,0,0,"- ","- ",,,GLENN,ORLAND,-122.19276996000001,39.752119999999998
94729500,2025,2025-06-17,9160,2025-06-09,"945 ",019164,,1,1,9,1100,0,3,5,,2,003,"COUNTY ROAD 200A","COUNTY ROAD 206",7920.00,S,N,A,-,N,,,,,,,,,,Y,2,0,1,1,A,-,08,22107,,N,E,8,A,A,H,-,A,D,0,,,,,Y,,D,22,1,0,0,0,0,0,0,0,0,"- ","- ",39.751251220703125,-122.36248016357422,GLENN,UNINCORPORATED,-122.36273193359375,39.750820159912109
90313148,2016,2016-11-07,9160,2016-07-17,2342,015118,,7,3,9,1100,0,3,5,,2,001,"COUNTY ROAD 57","COUNTY ROAD D",0.00,,Y,A,-,N,,,,,,,,,,Y,1,1,1,1,A,-,01,23152,F,N,E,I,A,A,H,-,D,A,0,,,,,Y,Y,A,01,1,0,0,0,0,0,0,0,0,"- ","- ",39.494810000000001,-122.24909,GLENN,UNINCORPORATED,-122.24906995000001,39.494839919999997
91051476,2019,2019-08-13,9160,2019-08-01,0800,018128,,4,1,9,1100,0,3,5,,2,005,"COUNTY ROAD 24","COUNTY ROAD M",0.00,,Y,A,-,N,,,,,,,,,,Y,2,0,5,2,A,-,12,22450,A,N,D,C,A,A,H,-,A,A,0,,,,,Y,,A,01,2,3,0,0,0,0,0,0,0,"- ","- ",39.711101531982422,-122.17787170410156,GLENN,UNINCORPORATED,-122.178466796875,39.711029052734375
6632808,2014,2016-05-07,9160,2014-09-07,0659,013178,,7,1,9,1100,0,1,3,,2,012,"RT 162","COUNTY RD W W",1444.00,W,N,A,-,Y,GLE,3,162,-,-,74.760,H,-,W,Y,2,0,1,1,A,-,08,22107,,N,E,I,A,A,H,-,A,D,0,,,,,Y,,A,01,1,0,0,0,0,0,0,0,0,"- ","- ",39.521050000000002,-122.04907,GLENN,UNINCORPORATED,-122.04331993,39.521837120000001
90698913,2018,2018-04-04,9160,2018-03-25,1747,014900,,7,2,9,1100,0,3,5,,2,007,"COUNTY ROAD 48","I-5 N/B",324.00,E,N,B,-,Y,,,,,,,,,,Y,2,0,2,2,A,-,08,22107,,N,E,I,A,A,H,-,A,D,0,,,,,Y,,A,01,1,1,0,0,0,0,0,0,0,"- ","- ",39.538749694824219,-122.21337890625,GLENN,UNINCORPORATED,-122.21342468261719,39.538780212402344
91518496,2021,2021-07-12,9160,2021-06-30,1225,016148,,3,1,9,1100,0,1,1,,2,006,"I-5 S/B",SR-32,3696.00,N,N,A,-,Y,,,5,,,,,,S,Y,2,0,7,2,A,-,07,21658,A,N,B,C,A,A,H,-,A,D,0,,,,,Y,,A,01,1,0,6,0,0,0,0,0,0,"- ","- ",39.758411407470703,-122.20539855957031,GLENN,UNINCORPORATED,-122.20552062988281,39.758411407470703
91763741,2022,2022-05-03,9160,2022-04-23,0040,017873,,6,3,9,1100,0,2,4,,2,016,"COUNTY ROAD 99W","COUNTY ROAD 33",450.00,S,N,A,-,N,,,,,,,,,,Y,2,0,2,1,A,-,01,23152,A,N,E,I,A,A,H,-,D,D,0,,,,,Y,Y,A,01,2,0,0,0,0,0,0,0,0,"- ","- ",39.622970581054688,-122.1944580078125,GLENN,UNINCORPORATED,-122.19459533691406,39.623100280761719
90465456,2017,2017-05-26,9160,2017-04-01,2005,015118,,6,2,9,1100,0,3,5,,2,001,"COUNTY ROAD 308","COUNTY ROAD 306",19008.00,W,N,A,-,N,,,,,,,,,,Y,1,1,0,1,A,-,01,23152,A,N,E,I,A,A,H,-,D,D,0,,,,,Y,Y,D,22,0,0,0,0,0,0,0,0,0,"- ","- ",39.579920000000001,-122.59881,GLENN,UNINCORPORATED,-122.59895003,39.579865339999998
91023302,2019,2019-07-02,9160,2019-06-22,1432,019742,,6,2,9,1100,0,1,3,,2,014,SR-162,"COUNTY ROAD 304",16368.00,E,N,A,-,Y,,,162,,,,,,,Y,2,0,1,1,A,-,01,23152,A,N,E,I,A,A,H,-,A,D,0,,,,,Y,Y,A,01,1,0,0,0,0,0,0,0,0,"- ","- ",39.596839904785156,-122.48677062988281,GLENN,UNINCORPORATED,-122.48677062988281,39.596839904785156
91908935,2022,2022-11-03,9160,2022-10-25,1515,021168,,2,2,9,1100,0,3,5,,2,003,"COUNTY ROAD 200","COUNTY ROAD 12",130.00,E,N,A,-,N,,,,,,,,,,Y,2,0,1,2,A,-,09,21801,A,N,D,C,A,A,H,-,A,D,0,,,Y,,Y,,A,01,1,0,0,0,0,0,0,0,1,"- ","- ",39.754550933837891,-122.21514892578125,GLENN,UNINCORPORATED,-122.2149658203125,39.754493713378906
91994315,2023,2023-02-14,9160,2023-02-06,"745 ",018128,,1,1,9,1100,0,1,3,,2,012,SR-162,"COUNTY ROAD V",0.00,,Y,A,-,Y,GLE,,162," "," ",73.550,H,,R,Y,2,0,2,2,A,-,09,21801,A,N,A,C,A,A,H,-,A,D,0,,,,,Y,,A,01,1,0,1,0,0,0,0,0,0,"- ","- ",39.521591186523438,-122.06523132324219,GLENN,UNINCORPORATED,-122.06523132324219,39.521568298339844
91223497,2020,2020-04-09,9160,2020-03-30,1630,020558,,1,2,9,1100,0,3,5,,2,005,"CAPAY AVE","2ND ST",0.00,,Y,A,-,N,,,,,,,,,,Y,2,0,2,2,A,-,01,23152,A,N,D,C,A,A,H,-,A,A,0,,,,,Y,Y,A,01,1,0,1,0,0,0,0,0,0,"- ","- ",39.738719940185547,-122.01521301269531,GLENN,UNINCORPORATED,-122.01524353027344,39.738960266113281
91321185,2020,2020-10-09,9160,2020-10-02,0700,019718,,5,1,9,1100,0,1,3,,1,010,SR-45,"COUNTY ROAD 39",432.00,S,N,A,-,Y,,,45,,,,,,,Y,2,0,1,1,A,-,08,22107,,N,F,A,A,A,H,-,B,D,0,,,,,Y,,A,07,1,0,0,0,0,0,0,0,0,"- ","- ",39.582218170166016,-122.00753021240234,GLENN,UNINCORPORATED,-122.00745391845703,39.582256317138672
7157783,2015,2016-01-22,1102,2015-07-29,0729,0416,1102,3,5,2,1102,0,0,0,,0,CITY,"S BUTTE ST","W ASH ST",0.00,,Y,A,-,N,,,,,,,,,,N,2,0,1,2,A,-,09,21802,A,N,D,G,A,A,H,-,A,A,0,,Y,,,Y,,D,22,1,0,0,0,0,0,1,0,0,"- ","- ",,,GLENN,WILLOWS,-122.19533989,39.516769910000001
90456016,2017,2017-05-15,9160,2017-05-12,0110,017873,,5,3,9,1100,0,1,3,,1,008,"SR-32 W/B","COUNTY ROAD O",0.00,,Y,A,-,Y,,,32,,,,,,W,Y,2,0,1,1,A,-,01,23152,A,N,E,I,A,A,H,-,D,D,0,,,,,Y,Y,A,01,1,0,0,0,0,0,0,0,0,"- ","- ",39.747100000000003,-122.15114,GLENN,UNINCORPORATED,-122.15114053000001,39.74701683
91378643,2020,2020-12-31,9160,2020-12-23,1710,019718,,3,2,9,1100,0,3,5,,2,001,"COUNTY ROAD 306","INDIAN SPRINGS RD",2965.00,N,N,A,-,N,,,,,,,,,,N,2,0,1,1,A,-,08,22107,,N,E,I,A,A,H,-,D,D,0,,,,,Y,,A,07,1,0,0,0,0,0,0,0,0,"- ","- ",39.394748687744141,-122.55180358886719,GLENN,UNINCORPORATED,-122.55185699462891,39.394748687744141
92114453,2023,2023-07-11,9160,2023-07-01,"930 ",019164,,6,1,9,1100,0,1,3,,2,012,SR-162,"EUREKA ST",2112.00,W,N,A,-,Y,GLE,,162," "," ",77.632,H,,R,Y,2,0,1,1,A,-,01,23152,A,N,E,8,A,A,H,-,A,D,0,,,,,Y,Y,A,07,1,0,0,0,0,0,0,0,0,"- ","- ",39.457908630371094,-121.99234008789062,GLENN,UNINCORPORATED,-121.99240112304688,39.457927703857422
90056375,2015,2015-11-20,9160,2015-11-08,1037,018174,,7,1,2,1102,0,1,1,,2,006,"I-5 S/B",SR-32,350.00,S,N,B,-,Y,,,,,,,,,,Y,2,0,3,2,A,-,08,22107,,N,B,C,A,B,H,-,A,D,0,,,,,Y,,A,07,1,0,2,0,0,0,0,0,0,"- ","- ",39.748930000000001,-122.20583000000001,GLENN,WILLOWS,-122.20569340999999,39.749809020000001
94731198,2025,2025-06-19,9160,2025-06-07,"345 ",024063,,6,3,9,1100,0,1,3,,2,014,"STATE ROUTE 162","COUNTY ROAD 303",6600.00,W,N,A,-,Y,GLE,,162," "," ",49.733,H,,R,Y,2,0,4,1,A,-,01,23152,A,N,E,I,A,A,H,-,D,D,0,,,,,Y,Y,A,01,3,0,1,0,0,0,0,0,0,"- ","- ",39.597011566162109,-122.46650695800781,GLENN,UNINCORPORATED,-122.46649932861328,39.597015380859375
90898717,2018,2019-01-07,9160,2018-12-29,1910,019043,,6,2,9,1100,0,1,3,,1,010,"SR -45","ORD FERRY RD",0.00,,Y,A,-,Y,,,45,,,,,,,Y,2,0,1,2,A,-,09,21802,A,N,D,C,A,A,H,-,C,D,0,,,,,Y,Y,A,01,1,0,0,0,0,0,0,0,0,"- ","- ",39.630390167236328,-122.00682067871094,GLENN,UNINCORPORATED,-122.00694274902344,39.630393981933594
90948906,2019,2019-03-19,9160,2019-03-09,0325,017873,,6,3,9,1100,0,1,1,,2,006,"INTERSTATE 5 NB","COUNTY ROAD 25",528.00,N,N,B,-,Y,,,5,,,,,,N,Y,2,0,1,1,A,-,01,23152,A,N,F,A,A,A,H,-,D,D,0,,,,,Y,Y,A,01,1,0,0,0,0,0,0,0,0,"- ","- ",39.699470520019531,-122.20526123046875,GLENN,UNINCORPORATED,-122.20536804199219,39.699462890625
91287643,2020,2020-08-17,9160,2020-08-05,1345,019043,,3,1,9,1100,0,3,5,,2,007,"CO RD 44","CO RD S",1056.00,E,N,A,-,N,,,,,,,,,,N,2,0,1,1,C,-,18,,,N,F,A,A,A,H,-,A,D,0,,,Y,,Y,,-,"- ",1,0,0,0,0,0,0,0,1,"- ","- ",39.558170318603516,-122.09642028808594,GLENN,UNINCORPORATED,,
90466320,2017,2017-05-29,9160,2017-05-10,1605,018256,,3,2,9,1100,0,2,4,,2,016,"HWY 99W","COUNTY ROAD 43",1400.00,S,N,A,-,N,,,,,,,,,,Y,2,0,3,2,A,-,08,22107,,N,A,C,A,A,H,-,A,D,0,,,,,Y,,A,08,1,0,2,0,0,0,0,0,0,"- ","- ",39.564050000000002,-122.19374000000001,GLENN,UNINCORPORATED,-122.19367209000001,39.563995339999998
92161087,2023,2023-09-01,9160,2023-08-24,1508,021168,,4,2,9,1100,0,1,1,,2,004,"I-5 S/B","COUNTY ROAD 33",1056.00,S,N,A,-,Y,GLE,,5," ",R,16.322,H,,L,Y,2,0,1,2,A,-,03,22350,,N,C,C,A,A,H,-,A,D,0,,,,Y,Y,,G,25,1,0,0,0,0,0,0,0,0,"- ","- ",39.61737060546875,-122.20655059814453,GLENN,UNINCORPORATED,-122.20650482177734,39.617366790771484
90231915,2016,2016-07-27,9160,2016-07-24,1515,018174,,7,2,9,1100,0,1,1,,2,004,"I-5 S/B","COUNTY ROAD 57",7920.00,N,N,A,-,Y,,,5,,,,,,S,Y,2,0,1,1,A,-,08,22107,,N,E,J,A,A,H,-,A,D,0,,,,,Y,,A,01,1,0,0,0,0,0,0,0,0,"- ","- ",39.50197,-122.20079,GLENN,UNINCORPORATED,-122.20085156,39.501926079999997
90916541,2018,2019-04-08,9160,2018-09-26,1947,019568,,3,2,9,1100,0,1,1,,2,002,"INTERSTATE 5 SOUTHBOUND","COUNTY ROAD 68",5280.00,N,N,A,-,Y,,,5,,,,,,S,N,1,1,0,2,A,-,11,21954,A,N,G,B,E,A,H,-,D,D,0,Y,,,,Y,Y,N,60,0,0,0,1,0,0,0,0,0,"- ","- ",39.429309844970703,-122.19355773925781,GLENN,UNINCORPORATED,-122.19352722167969,39.429309844970703
92360135,2023,2024-04-09,9160,2023-10-21,2027,019718,,6,2,9,1100,0,1,3,,1,008,"STATE ROUTE 32","COUNTY ROAD Q",1584.00,E,N,A,-,Y,GLE,,32," "," ",3.979,H,,R,Y,1,1,0,2,A,-,03,22350,,N,D,C,A,A,H,-,D,D,0,,,Y,,Y,,C,02,0,0,0,0,0,0,0,1,0,"- ","- ",39.746780395507812,-122.12245941162109,GLENN,UNINCORPORATED,-122.12245941162109,39.746822357177734
8320122,2017,2018-02-07,1101,2017-02-16,1902,SJ,ORLAN,4,5,2,1101,0,0,0,,0,CITY,"NEWVILLE RD","8TH ST",0.00,,Y,A,-,Y,GLE,3,32,-,R,0.409,I,5,W,N,2,0,1,2,A,-,11,21453,D,F,G,B,B,A,H,-,C,A,0,Y,,,,Y,,N,60,1,0,0,0,1,0,0,0,0,"- ","- ",,,GLENN,ORLAND,-122.19923077,39.747958449999999
91917571,2022,2022-11-14,9160,2022-11-06,0157,020558,,7,3,9,1100,0,2,4,,2,016,"COUNTY ROAD 99W","COUNTY ROAD 45",2640.00,N,N,A,-,N,,,,,,,,,,Y,2,0,3,1,A,-,08,22107,,N,E,I,A,B,H,-,D,D,0,,,,,Y,,D,22,1,2,0,0,0,0,0,0,0,"- ","- ",39.560398101806641,-122.19368743896484,GLENN,UNINCORPORATED,-122.19364166259766,39.560611724853516
91883408,2022,2022-10-05,9160,2022-09-23,1940,017319,,5,2,9,1100,0,1,3,,1,010,"SR-45 N/B","CO RD 34",163.00,S,N,A,-,Y,GLE,,45,,,14.169,H,,R,Y,2,0,1,2,A,-,06,21751,,N,B,C,A,A,H,-,D,D,0,,,Y,,Y,,A,01,1,0,0,0,0,0,0,0,1,"- ","- ",39.615829467773438,-122.00733947753906,GLENN,UNINCORPORATED,-122.00735473632812,39.615829467773438
94609793,2023,2025-03-18,9160,2023-12-21,"739 ",017577,,4,1,9,1100,0,3,5,,2,007,"NORTH HUMBOLDT AVE.","COUNTY ROAD 48",39.00,N,N,A,-,N,,,,,,,,,,Y,1,1,0,1,D,-,00,,,N,E,I,A,B,H,-,B,D,0,,,,,Y,,-,"- ",0,0,0,0,0,0,0,0,0,"- ","- ",39.538978576660156,-122.21221160888672,GLENN,UNINCORPORATED,-122.212158203125,39.538841247558594
90737632,2018,2018-05-30,9160,2018-04-25,0545,015118,,3,3,9,1100,0,3,5,,2,005,"COUNTY ROAD 9 (WYO AVENUE)","SIXTH AVENUE (COUNTY ROAD 202)",3.00,E,N,A,-,N,,,,,,,,,,Y,1,1,0,2,A,-,09,21802,A,N,D,C,A,A,H,-,B,A,0,,,,,Y,,D,22,0,0,0,0,0,0,0,0,0,"- ","- ",39.768589019775391,-122.10977172851562,GLENN,UNINCORPORATED,-122.10994720458984,39.768562316894531
90450977,2017,2017-05-08,9160,2017-04-22,0245,017873,,6,3,9,1100,0,1,3,,2,012,"STATE ROUTE 162",FIRSTSTREET,282.00,E,N,A,-,Y,,,162,,,,,,,Y,2,0,2,1,A,-,08,22107,,N,E,I,A,A,H,-,D,D,0,,,,,Y,,A,01,1,1,0,0,0,0,0,0,0,"- ","- ",39.524239999999999,-122.18413,GLENN,UNINCORPORATED,-122.18413031999999,39.524181890000001
90695804,2018,2018-03-30,9160,2018-03-24,2500,017577,,6,4,9,1100,0,3,5,,2,003,"COUNTY ROAD 27","INTERSTATE 5",2640.00,W,N,A,-,N,,,,,,,,,,Y,2,0,1,1,A,-,08,22107,,N,E,I,A,A,H,-,D,D,0,,,,,Y,Y,D,22,1,0,0,0,0,0,0,0,0,"- ","- ",39.682701110839844,-122.21420288085938,GLENN,UNINCORPORATED,-122.21417999267578,39.682460784912109
6290481,2014,2015-12-30,9160,2014-04-10,1740,17692,,4,2,9,1100,0,1,1,,2,006,"RT 5","RT 32",0.00,N,N,A,-,Y,GLE,3,5,-,R,25.530,H,-,N,Y,1,10,39,3,-,-,"- ",,,N,B,C,A,A,H,-,A,D,1,,,,Y,Y,,-,"- ",8,28,3,0,0,0,0,0,0,"- ","- ",39.756619999999998,-122.20537,GLENN,UNINCORPORATED,-122.20537658000001,39.750639249999999
6291619,2014,2014-11-14,9160,2014-09-20,1504,17692,,6,2,9,1100,0,2,4,,2,016,"COUNTY ROAD 99","COUNTY ROAD 40",585.00,S,N,A,-,N,,,,,,,,,,Y,1,1,0,1,A,-,08,22107,,N,F,A,A,A,H,-,A,D,0,,,,,Y,Y,A,01,0,0,0,0,0,0,0,0,0,"- ","- ",39.57479,-122.19372,GLENN,UNINCORPORATED,-122.19372,39.57479
6335106,2014,2014-06-02,9160,2014-01-09,1335,017577,,4,1,9,1100,0,3,5,,2,007,"COUNTY ROAD WW","COUNTY ROAD 34",797.00,N,N,A,-,N,,,,,,,,,,Y,2,0,2,1,A,-,08,22107,,N,E,I,A,A,H,-,A,D,0,,,,,Y,,D,22,1,1,0,0,0,0,0,0,0,"- ","- ",,,GLENN,UNINCORPORATED,-122.03686909,39.618348660000002
6363410,2014,2014-06-12,1101,2014-01-26,1508,SJ,ORLAN,7,5,2,1101,0,0,0,,0,CITY,"4TH ST","SUISUN ST",460.00,N,N,A,-,N,,,,,,,,,,Y,2,0,1,1,A,-,03,22350,,N,E,I,A,A,H,-,A,D,0,,,,,Y,,D,22,1,0,0,0,0,0,0,0,0,"- ","- ",,,GLENN,ORLAND,-122.19410972,39.754493199999999
6375827,2014,2015-02-09,9160,2014-02-06,1740,17692,,4,2,9,1100,0,2,4,,2,016,"COUNTY ROAD 99W","HAMBRIGHT CREEK",325.00,N,N,B,-,N,,,,,,,,,,Y,2,0,2,2,A,-,01,23152,A,N,A,C,A,A,H,-,D,D,0,,,,,Y,Y,A,01,2,0,0,0,0,0,0,0,0,"- ","- ",39.762039999999999,-122.19694,GLENN,UNINCORPORATED,-122.19694,39.762039999999999