CASE_ID,ACCIDENT_YEAR,PROC_DATE,JURIS,COLLISION_DATE,COLLISION_TIME,OFFICER_ID,REPORTING_DISTRICT,DAY_OF_WEEK,CHP_SHIFT,POPULATION,CNTY_CITY_LOC,SPECIAL_COND,BEAT_TYPE,CHP_BEAT_TYPE,CITY_DIVISION_LAPD,CHP_BEAT_CLASS,BEAT_NUMBER,PRIMARY_RD,SECONDARY_RD,DISTANCE,DIRECTION,INTERSECTION,WEATHER_1,WEATHER_2,STATE_HWY_IND,CALTRANS_COUNTY,CALTRANS_DISTRICT,STATE_ROUTE,ROUTE_SUFFIX,POSTMILE_PREFIX,POSTMILE,LOCATION_TYPE,RAMP_INTERSECTION,SIDE_OF_HWY,TOW_AWAY,COLLISION_SEVERITY,NUMBER_KILLED,NUMBER_INJURED,PARTY_COUNT,PRIMARY_COLL_FACTOR,PCF_CODE_OF_VIOL,PCF_VIOL_CATEGORY,PCF_VIOLATION,PCF_VIOL_SUBSECTION,HIT_AND_RUN,TYPE_OF_COLLISION,MVIW,PED_ACTION,ROAD_SURFACE,ROAD_COND_1,ROAD_COND_2,LIGHTING,CONTROL_DEVICE,CHP_ROAD_TYPE,PEDESTRIAN_ACCIDENT,BICYCLE_ACCIDENT,MOTORCYCLE_ACCIDENT,TRUCK_ACCIDENT,NOT_PRIVATE_PROPERTY,ALCOHOL_INVOLVED,STWD_VEHTYPE_AT_FAULT,CHP_VEHTYPE_AT_FAULT,COUNT_SEVERE_INJ,COUNT_VISIBLE_INJ,COUNT_COMPLAINT_PAIN,COUNT_PED_KILLED,COUNT_PED_INJURED,COUNT_BICYCLIST_KILLED,COUNT_BICYCLIST_INJURED,COUNT_MC_KILLED,COUNT_MC_INJURED,PRIMARY_RAMP,SECONDARY_RAMP,LATITUDE,LONGITUDE,COUNTY,CITY,POINT_X,POINT_Y
6475261,2014,2014-07-07,1101,2014-03-23,1707,505,ORLAN,7,5,2,1101,0,0,0,,0,CITY,"BRYANT ST","JAMES DR",290.00,W,N,A,-,N,,,,,,,,,,N,2,0,1,2,A,-,05,21650,1,N,A,G,A,A,-,-,A,D,0,,Y,Y,,Y,Y,L,04,1,0,0,0,0,0,1,0,0,"- ","- ",,,GLENN,ORLAND,-122.17668166999999,39.750917880000003
6569707,2014,2014-08-27,9160,2014-07-16,1650,018540,,3,2,9,1100,0,3,5,,2,005,"COUNTY ROAD 203","COUNTY ROAD 9",2640.00,S,N,A,-,N,,,,,,,,,,Y,2,0,1,1,A,-,08,22107,,N,E,I,A,A,H,-,A,A,0,,,,,Y,,D,22,1,0,0,0,0,0,0,0,0,"- ","- ",,,GLENN,UNINCORPORATED,-122.02684188000001,39.759907920000003
6606193,2014,2014-10-02,9160,2014-06-28,1520,17540,,6,2,9,1100,0,1,1,,2,004,"RT 5","COUNTY ROAD 57",6336.00,N,N,A,-,Y,GLE,3,5,-,R,8.700,H,-,N,Y,1,1,3,1,A,-,08,22107,,N,F,A,A,A,H,-,A,D,1,,,,,Y,,A,07,0,3,0,0,0,0,0,0,0,"- ","- ",39.507469999999998,-122.20495,GLENN,UNINCORPORATED,-122.20637244,39.509008270000002
6638938,2014,2014-11-13,9160,2014-09-17,1149,013178,,3,1,9,1100,0,3,5,,2,003,"COUNTY RD 200","COUNTY RD G",297.00,E,N,A,-,N,,,,,,,,,,Y,2,0,1,1,C,-,18,,,N,E,I,A,A,H,-,A,D,0,,,,,Y,,-,"- ",1,0,0,0,0,0,0,0,0,"- ","- ",39.756500000000003,-122.21962000000001,GLENN,UNINCORPORATED,-122.21939281,39.756348750000001
6718387,2015,2017-04-04,9160,2015-01-05,0845,17912,,1,1,9,1100,0,3,5,,2,005,"COUNTY ROAD P","COUNTY RD 200",0.00,,Y,B,-,N,,,,,,,,,,Y,1,1,0,3,A,-,12,22450,A,N,D,C,A,A,H,-,A,A,0,,,,,Y,,A,01,0,0,0,0,0,0,0,0,0,"- ","- ",39.725279999999998,-122.1409,GLENN,UNINCORPORATED,-122.24772986000001,39.766789930000002
6801921,2015,2015-02-18,9160,2015-01-09,1730,17692,,5,2,9,1100,0,3,5,,2,005,"COUNTY ROAD 20","JACEY LN",129.00,E,N,A,-,N,,,,,,,,,,Y,2,0,1,2,A,-,03,22350,,N,G,B,E,A,H,-,D,D,0,Y,,,,Y,,A,07,1,0,0,0,1,0,0,0,0,"- ","- ",39.725459999999998,-122.1726,GLENN,UNINCORPORATED,-122.17228126000001,39.725446050000002
6854712,2015,2017-04-04,9160,2015-05-02,0734,17577,,6,1,9,1100,0,3,5,,2,001,"COUNTY RD 306","SPRINGS RD",1584.00,S,N,A,-,N,,,,,,,,,,Y,1,1,0,1,A,-,01,23152,A,N,E,I,A,A,H,-,B,D,0,,,,,Y,Y,A,01,0,0,0,0,0,0,0,0,0,"- ","- ",39.403739999999999,-122.55159,GLENN,UNINCORPORATED,-122.55158901,39.382378039999999
6875779,2015,2016-04-06,9160,2015-03-15,0200,18895,,7,3,9,1100,0,2,4,,2,016,"OLD HWY 99","COUNTY ROAD 7",132.00,S,N,B,-,N,,,,,,,,,,Y,2,0,1,1,A,-,01,23152,A,N,E,I,A,A,H,-,D,D,0,,,,,Y,Y,A,01,1,0,0,0,0,0,0,0,0,"- ","- ",39.782299999999999,-122.19756,GLENN,UNINCORPORATED,-122.19761252000001,39.783187939999998
6895762,2015,2016-11-07,9160,2015-04-12,1828,013178,,7,2,9,1100,0,1,1,,2,002,"RT 5","COUNTY RD 57",61.00,S,N,A,-,Y,GLE,3,5,-,R,7.600,H,-,S,Y,2,0,4,1,A,-,08,22107,,N,E,J,A,A,H,-,A,D,1,,,,,Y,,A,01,1,3,0,0,0,0,0,0,0,"- ","- ",39.493760000000002,-122.19681,GLENN,UNINCORPORATED,-122.19710404,39.494877799999998
6895770,2015,2015-05-28,9160,2015-04-17,2325,019041,,5,3,9,1100,0,3,5,,2,005,"COUNTY ROAD WW","COUNTY RD 32",0.00,,Y,A,-,N,,,,,,,,,,Y,2,0,1,1,A,-,01,23152,A,N,E,I,A,A,H,-,D,D,0,,,,,Y,Y,A,01,1,0,0,0,0,0,0,0,0,"- ","- ",39.630659999999999,-122.03667,GLENN,UNINCORPORATED,-122.03684991,39.630669900000001
6895778,2015,2015-05-15,9160,2015-04-08,1035,018750,,3,1,9,1100,0,3,5,,2,003,"COUNTY RD H","COUNTY RD 200",0.00,,Y,B,-,N,,,,,,,,,,Y,2,0,1,1,A,-,01,23152,E,N,E,I,A,A,H,-,A,A,0,,,,,Y,,A,07,1,0,0,0,0,0,0,0,0,"- ","- ",39.754809999999999,-122.21568000000001,GLENN,UNINCORPORATED,-122.21565991,39.754769940000003
6923853,2015,2015-06-08,9160,2015-05-07,1905,018737,,4,2,9,1100,0,3,5,,2,007,"COUNTY ROAD P","COUNTY ROAD 57",325.00,S,N,B,-,N,,,,,,,,,,Y,2,0,1,1,A,-,01,23152,A,N,E,I,A,A,D,-,A,D,0,,,,,Y,Y,D,23,1,0,0,0,0,0,0,0,0,"- ","- ",39.494,-122.13688999999999,GLENN,UNINCORPORATED,-122.12629144,39.493234600000001
7157799,2015,2016-01-25,1102,2015-05-24,1255,403,,7,5,2,1102,0,0,0,,0,,"RT 99","COUNTY RD 57",0.00,,Y,A,-,N,,,,,,,,,,Y,2,0,2,2,A,-,12,22450,A,N,C,C,A,A,H,-,A,A,0,,,,,Y,Y,A,01,1,0,1,0,0,0,0,0,0,"- ","- ",,,GLENN,WILLOWS,-122.19307422999999,39.494975539999999
8169524,2016,2017-03-06,1102,2016-08-15,1924,402,,1,5,2,1102,0,0,0,,0,,"W WOOD ST","N BUTTE ST",0.00,,Y,A,-,Y,GLE,3,162,-,-,66.540,H,-,E,N,2,0,1,2,A,-,10,21950,A,N,G,B,B,A,H,-,B,D,0,Y,,,,Y,,A,01,1,0,0,0,1,0,0,0,0,"- ","- ",,,GLENN,WILLOWS,-122.19581506999999,39.524183579999999
8376271,2017,2018-03-27,1101,2017-05-08,1652,503,ORLAN,1,5,2,1101,0,0,0,,0,CITY,"EAST WALKER ST","PAPST AV",386.00,W,N,A,-,Y,GLE,3,32,-,-,0.950,H,-,E,Y,2,0,2,3,A,-,04,21703,,F,C,C,A,A,H,-,A,D,0,,,,,Y,,A,01,1,1,0,0,0,0,0,0,0,"- ","- ",,,GLENN,ORLAND,-122.17974096,39.747267409999999
90013824,2015,2015-10-19,9160,2015-08-22,1815,017692,,6,2,9,1100,0,3,5,,2,005,"1ST. AVE.","COUNTY ROAD 6",109.00,N,N,A,-,N,,,,,,,,,,Y,2,0,1,1,A,-,01,23152,A,F,F,A,A,A,H,-,A,D,0,,,,,Y,Y,A,07,1,0,0,0,0,0,0,0,0,"- ","- ",39.786819999999999,-122.05242,GLENN,UNINCORPORATED,-122.05238021,39.786630510000002
90016433,2015,2015-10-19,9160,2015-08-28,1515,017692,,5,2,9,1100,0,3,5,,2,003,"COUNTY ROAD 200","COUNTY ROAD 306",3168.00,E,N,A,-,N,,,,,,,,,,Y,2,0,1,1,A,-,08,22107,,N,F,A,A,A,H,-,A,D,0,,,,,Y,,D,22,1,0,0,0,0,0,0,0,0,"- ","- ",39.789839999999998,-122.50767,GLENN,UNINCORPORATED,-122.50954813,39.789997929999998
90094318,2015,2016-01-13,9160,2015-11-17,2500,018128,,2,4,9,1100,0,3,5,,2,005,"COUNTY ROAD 27","COUNTY ROAD QQ",0.00,,Y,A,-,N,,,,,,,,,,Y,1,1,0,1,A,-,03,22350,,N,F,A,A,A,H,-,D,A,0,,,Y,,Y,,C,02,0,0,0,0,0,0,0,1,0,"- ","- ",39.681640000000002,-122.12199,GLENN,UNINCORPORATED,-122.12215990999999,39.681669939999999
90111886,2016,2016-02-09,9160,2016-01-24,0100,018895,,7,3,9,1100,0,3,5,,2,001,"COUNTY ROAD 68",I-5,1056.00,W,N,E,-,N,,,,,,,,,,N,2,0,1,1,A,-,01,23152,A,N,F,A,A,A,H,-,D,D,0,,,Y,,Y,Y,C,06,1,0,0,0,0,0,0,0,1,"- ","- ",39.407029999999999,-122.20572,GLENN,UNINCORPORATED,-122.19970771,39.407150000000001
90126033,2016,2016-02-29,9160,2016-02-19,0615,017334,,5,1,9,1100,0,3,5,,2,003,"COUNTY ROAD 200","COUNTY ROAD DD",0.00,,N,B,-,N,,,,,,,,,,Y,2,0,1,1,A,-,08,22107,,N,F,A,A,A,H,-,B,D,0,,,,,Y,,A,01,1,0,0,0,0,0,0,0,0,"- ","- ",39.764569999999999,-122.24138000000001,GLENN,UNINCORPORATED,-122.24772986000001,39.766789930000002
90132499,2016,2016-03-09,9160,2016-01-22,1300,017334,,5,1,9,1100,0,3,5,,2,005,"COUNTY ROAD 32",SR-45,3696.00,E,N,B,-,N,,,,,,,,,,Y,1,1,3,2,A,-,05,21460,A,N,A,C,A,B,H,-,A,D,0,,,,Y,Y,,A,01,2,1,0,0,0,0,0,0,0,"- ","- ",39.629309999999997,-121.99657999999999,GLENN,UNINCORPORATED,-121.99408280999999,39.629150000000003
90250110,2016,2016-08-22,9160,2016-08-10,1145,017577,,3,1,9,1100,0,1,1,,2,004,"INTERSTATE 5 S/B","CENTRAL IRRIGATION CANAL",2112.00,N,N,A,-,Y,,,5,,,,,,S,Y,2,0,2,1,A,-,08,22107,,N,F,A,A,A,H,-,A,D,0,,,,,Y,,D,22,1,1,0,0,0,0,0,0,0,"- ","- ",39.517319999999998,-122.21335000000001,GLENN,UNINCORPORATED,-122.21341923,39.517279100000003
90251106,2016,2016-08-23,9160,2016-08-17,0300,013178,,3,3,9,1100,0,2,4,,2,016,"COUNTY ROAD 99W","COUNTY ROAD 30",145.00,S,N,A,-,N,,,,,,,,,,Y,2,0,1,1,A,-,08,22107,,N,E,I,A,A,H,-,D,D,0,,,,,Y,,A,07,1,0,0,0,0,0,0,0,0,"- ","- ",39.650939999999999,-122.19721,GLENN,UNINCORPORATED,-122.19711795000001,39.652861860000002
90278633,2016,2016-09-28,9160,2016-09-25,1125,018174,,7,1,9,1100,0,3,5,,2,005,"ESPERANZA AVE (1300 BLOCK)","SACRAMENTO AVE",290.00,E,N,A,-,N,,,,,,,,,,N,2,0,1,2,A,-,21,22106,,N,B,C,A,A,H,-,A,D,0,,,Y,,Y,,C,06,1,0,0,0,0,0,0,0,1,"- ","- ",39.741030000000002,-122.00496,GLENN,UNINCORPORATED,-122.00556409000001,39.741745309999999
90352222,2016,2016-12-27,9160,2016-11-23,2115,018174,,3,2,9,1100,0,3,5,,2,007,"S. SACRAMENTO ST.","LAUREL ST",305.00,S,N,A,-,N,,,,,,,,,,Y,1,1,0,1,A,-,08,22107,,N,E,J,A,A,H,-,C,D,0,,,,,Y,,A,01,0,0,0,0,0,0,0,0,0,"- ","- ",39.517139999999998,-122.18922000000001,GLENN,UNINCORPORATED,-122.18937768000001,39.517141989999999
90361508,2016,2017-01-04,9160,2016-10-26,1300,015118,,3,1,9,1100,0,1,3,,2,012,SR-162,"COUNTY ROAD U",1871.00,W,N,A,-,Y,,,162,,,,,,,Y,1,3,1,2,A,-,08,22107,,N,A,C,A,A,H,-,A,D,0,,,,Y,Y,,A,01,0,1,0,0,0,0,0,0,0,"- ","- ",39.521599999999999,-122.08127,GLENN,UNINCORPORATED,-122.08126987,39.521614880000001
90375169,2016,2017-02-02,9160,2016-11-18,0401,018737,,5,3,9,1100,0,1,1,,2,004,"INTERSTATE 5 S/B","COUNTY ROAD 39",6864.00,S,N,A,-,Y,,,5,,,,,,S,Y,1,1,2,3,A,-,03,22350,,N,C,C,A,A,H,-,D,D,0,,,,Y,Y,,G,25,1,0,1,0,0,0,0,0,0,"- ","- ",39.563450000000003,-122.2136,GLENN,UNINCORPORATED,-122.21355739000001,39.563442969999997
90406400,2017,2017-03-06,9160,2017-02-24,1247,017692,,5,1,9,1100,0,2,4,,2,016,"COUNTY ROAD 99W","COUNTY ROAD 39",4224.00,N,N,A,-,N,,,,,,,,,,Y,2,0,1,1,A,-,08,22107,,N,E,I,A,A,H,-,A,D,0,,,,,Y,,A,01,1,0,0,0,0,0,0,0,0,"- ","- ",39.594650000000001,-122.19459999999999,GLENN,UNINCORPORATED,-122.19442328,39.595111320000001
90496104,2017,2017-07-07,9160,2017-06-29,0050,017873,,4,3,9,1100,0,1,1,,2,004,"I-5 S/B",SR-162,2112.00,N,N,A,-,Y,,,5,,,,,,S,Y,2,0,1,1,A,-,08,22107,,N,E,I,A,A,D,H,D,D,0,,,,,Y,,D,22,1,0,0,0,0,0,0,0,0,"- ","- ",39.529170000000001,-122.21494,GLENN,UNINCORPORATED,-122.21490271,39.529170360000002
90505611,2017,2017-07-21,9160,2017-07-13,0510,017873,,4,3,9,1100,0,1,1,,2,002,I-5,"COUNTY ROAD 68",3696.00,S,N,A,-,Y,,,5,,,,,,,Y,2,0,3,2,A,-,03,22350,,N,D,C,A,A,D,-,B,A,0,,,,Y,Y,,G,25,3,0,0,0,0,0,0,0,0,"- ","- ",39.397010000000002,-122.19365000000001,GLENN,UNINCORPORATED,-122.19354259000001,39.3970354
90505613,2017,2017-07-21,9160,2017-07-13,0509,017873,,4,3,9,1100,0,1,1,,2,002,I-5,"COUNTY ROAD 68",3696.00,S,N,A,-,Y,,,5,,,,,,,Y,2,0,3,1,A,-,08,22107,,N,F,A,A,A,D,-,B,A,0,,,,,Y,,A,01,3,0,0,0,0,0,0,0,0,"- ","- ",39.397010000000002,-122.19365000000001,GLENN,UNINCORPORATED,-122.19354259000001,39.3970354
90517032,2017,2017-08-08,9160,2017-07-23,0420,015118,,7,3,9,1100,0,1,1,,2,002,"I-5 (N/B)","CO. RD. 60",165.00,S,N,A,-,Y,,,5,,,,,,,Y,2,0,3,1,A,-,08,22107,,N,E,I,A,A,D,-,D,D,0,,,,,Y,,A,01,1,2,0,0,0,0,0,0,0,"- ","- ",39.465960000000003,-122.19557,GLENN,UNINCORPORATED,-122.19562993,39.46595954
90523468,2017,2017-10-26,9160,2017-08-03,1650,019164,,4,2,9,1100,0,1,3,,1,010,SR-45,"COUNTY ROAD 39",1056.00,S,N,A,-,Y,,,45,,,,,,,Y,2,0,1,1,A,-,01,23152,A,N,F,J,A,A,H,-,A,D,0,,,,,Y,Y,A,01,1,0,0,0,0,0,0,0,0,"- ","- ",39.580359999999999,-122.00617,GLENN,UNINCORPORATED,-122.00620111000001,39.580338740000002
90525801,2017,2017-08-17,9160,2017-01-22,1657,018737,,7,2,9,1100,0,1,3,,1,008,"STATE ROUTE 32","COUNTY ROAD VV",3696.00,W,N,B,-,Y,,,32,,,,,,,Y,1,1,3,2,A,-,01,23152,F,N,A,C,A,B,H,-,A,D,0,,,,,Y,,A,01,3,0,0,0,0,0,0,0,0,"- ","- ",39.74483,-122.07144,GLENN,UNINCORPORATED,-122.07143992,39.744854519999997
90538979,2017,2017-09-01,9160,2017-08-24,0607,017692,,4,1,9,1100,0,3,5,,2,005,"COUNTY ROAD MM","COUNTY ROAD 6",0.00,,Y,A,-,N,,,,,,,,,,Y,2,0,1,2,A,-,12,22450,A,N,D,C,A,A,H,-,A,A,0,,,,,Y,,D,22,1,0,0,0,0,0,0,0,0,"- ","- ",39.78707,-122.16903000000001,GLENN,UNINCORPORATED,-122.16901999,39.787069989999999
90576112,2017,2017-10-23,9160,2017-10-13,1130,017692,,5,1,9,1100,0,1,3,,1,010,SR-45,"COUNTY ROAD 39",5280.00,N,N,A,-,Y,,,45,,,,,,,Y,2,0,2,1,A,-,08,22107,,N,F,A,A,A,H,-,A,D,0,,,,,Y,,A,01,1,0,1,0,0,0,0,0,0,"- ","- ",39.596890000000002,-122.00783,GLENN,UNINCORPORATED,-122.00770872,39.596892930000003
90577653,2017,2017-10-24,9160,2017-07-21,0931,015855,,5,1,9,1100,0,1,1,,2,006,"I-5 S/B","COUNTY ROAD 25",1056.00,S,N,A,-,Y,,,5,,,,,,S,Y,1,1,1,2,C,-,18,,,N,E,I,A,A,H,-,A,D,0,,,,,Y,,-,"- ",0,1,0,0,0,0,0,0,0,"- ","- ",39.693129999999996,-122.20517,GLENN,UNINCORPORATED,-122.20528422,39.693123319999998
90581557,2017,2017-10-27,9160,2017-10-22,0330,019164,,7,3,9,1100,0,3,5,,2,007,"COUNTY RD Z","COUNTY ROAD 70",0.00,,Y,A,-,N,,,,,,,,,,Y,2,0,1,1,A,-,01,23152,A,N,E,J,A,A,H,-,D,A,0,,,,,Y,Y,D,22,1,0,0,0,0,0,0,0,0,"- ","- ",39.391129999999997,-121.92939,GLENN,UNINCORPORATED,-121.92943991999999,39.39107997
90583566,2017,2017-10-31,9160,2017-10-20,1328,018895,,5,1,9,1100,0,1,1,,2,004,"I-5 S/B",SR-162,1036.00,N,N,B,-,Y,,,,,,,,,,Y,2,0,2,2,A,-,03,22350,,N,C,C,A,A,H,-,A,D,0,,,,Y,Y,Y,G,25,2,0,0,0,0,0,0,0,0,"- ","- ",39.52617,-122.21516,GLENN,UNINCORPORATED,-122.21491329,39.527084969999997
90583743,2017,2017-10-31,9160,2017-09-24,0120,017873,,7,3,9,1100,0,3,5,,2,003,"COUNTY ROAD 200","WACKERMAN ROAD",2112.00,E,N,A,-,N,,,,,,,,,,Y,1,1,0,1,A,-,08,22107,,N,E,I,A,A,H,-,D,D,0,,,,,Y,,A,01,0,0,0,0,0,0,0,0,0,"- ","- ",39.794840000000001,-122.31432,GLENN,UNINCORPORATED,-122.31412777,39.79469452
90584747,2017,2017-11-01,9160,2017-06-18,1719,016473,,7,2,9,1100,0,1,1,,2,006,"INTERSTATE 5 SOUTHBOUND","COUNTY ROAD 28",300.00,N,N,A,-,Y,,,5,,,,,,S,Y,1,1,0,1,A,-,01,23152,A,N,E,I,A,A,D,-,A,D,0,,,,Y,Y,Y,G,25,0,0,0,0,0,0,0,0,0,"- ","- ",39.669049999999999,-122.20484,GLENN,UNINCORPORATED,-122.20469718,39.669051029999999
90595789,2017,2017-11-16,9160,2017-09-15,1217,017692,,5,1,9,1100,0,1,3,,1,010,"STATE ROUTE 45","COUNTY ROAD 48",143.00,S,N,A,-,Y,,,45,,,,,,,Y,1,1,1,1,A,-,01,23152,F,N,E,I,A,A,H,-,A,D,0,,,,,Y,,D,22,0,1,0,0,0,0,0,0,0,"- ","- ",39.536960000000001,-122.00917,GLENN,UNINCORPORATED,-122.00907537000001,39.53692564
90618600,2017,2017-12-15,9160,2017-12-08,1020,017577,,5,1,9,1100,0,1,3,,2,014,"STATE HIGHWAY 162","THUNDERHILL PARK",2640.00,W,N,A,-,Y,,,162,,,,,,,Y,2,0,1,1,A,-,08,22107,,N,F,A,A,A,H,-,A,D,0,,,Y,,Y,,C,02,1,0,0,0,0,0,0,0,1,"- ","- ",39.537860000000002,-122.34357,GLENN,UNINCORPORATED,-122.34362356,39.537854179999997
90619343,2017,2017-12-18,9160,2017-12-08,1440,018895,,5,2,9,1100,0,1,3,,2,014,SR-162,"COUNTY ROAD 302",11616.00,W,N,A,-,Y,,,162,,,,,,,Y,2,0,1,1,A,-,01,23152,A,N,E,I,A,A,H,-,A,D,0,,,,,Y,Y,A,01,1,0,0,0,0,0,0,0,0,"- ","- ",39.57949,-122.38703,GLENN,UNINCORPORATED,-122.38694927,39.579617489999997
90636638,2018,2018-01-09,9160,2018-01-01,1215,016473,,1,1,9,1100,0,1,3,,1,010,"STATE ROUTE 45","COUNTY ROAD 64",0.00,,Y,A,-,Y,,,45,,,,,,,N,2,0,2,1,A,-,08,22107,,N,F,A,A,A,H,-,A,D,0,,,Y,,Y,,C,02,1,1,0,0,0,0,0,0,2,"- ","- ",39.442890167236328,-122.01415252685547,GLENN,UNINCORPORATED,-122.01413726806641,39.442897796630859
90649120,2018,2018-01-26,9160,2018-01-19,1910,019164,,5,2,9,1100,0,3,5,,2,005,"COUNTY ROAD 203","COUNTY ROAD 9",0.00,,Y,A,-,N,,,,,,,,,,Y,2,0,1,1,A,-,03,22350,,N,E,I,A,A,H,-,D,A,0,,,Y,,Y,,C,02,1,0,0,0,0,0,0,0,1,"- ","- ",39.766361236572266,-122.03079986572266,GLENN,UNINCORPORATED,-122.03087615966797,39.766410827636719
90664019,2017,2018-02-19,9160,2017-03-12,0841,017613,,7,1,9,1100,0,1,1,,2,004,"INTERSTATE 5 SOUTHBOUND","COUNTY ROAD 57",2387.00,N,N,A,-,Y,,,5,,,,,,S,Y,1,2,8,4,A,-,01,23152,A,N,C,C,A,A,H,-,A,D,0,,,,,Y,Y,A,01,2,4,2,0,0,0,0,0,0,"- ","- ",39.500529999999998,-122.20005999999999,GLENN,UNINCORPORATED,-122.20004122,39.500540129999997
90664706,2018,2018-02-20,9160,2018-02-19,0140,017873,,1,3,9,1100,0,2,4,,2,016,"COUNTY ROAD 99W","COUNTY ROAD 400",539.00,S,N,A,-,N,,,,,,,,,,Y,2,0,1,1,C,-,18,,,N,H,H,A,A,H,-,D,D,0,,,,,Y,,-,"- ",1,0,0,0,0,0,0,0,0,"- ","- ",39.575439453125,-122.19373321533203,GLENN,UNINCORPORATED,-122.19373321533203,39.575439453125
90691704,2018,2018-03-28,9160,2018-03-26,2330,017873,,1,3,9,1100,0,3,5,,2,007,"COUNTY ROAD Z",SR-162,1584.00,N,N,A,-,N,,,,,,,,,,Y,2,0,1,1,A,-,08,22107,,N,F,A,A,A,H,-,D,D,0,,,,,Y,,D,22,1,0,0,0,0,0,0,0,0,"- ","- ",39.469268798828125,-121.93000793457031,GLENN,UNINCORPORATED,-121.93003845214844,39.468490600585938
90717098,2018,2018-05-01,9160,2018-04-14,0520,019164,,6,3,9,1100,0,3,5,,2,005,"ORD FERRY ROAD",SR-45,1584.00,E,N,A,-,N,,,,,,,,,,Y,2,0,1,1,A,-,01,23152,A,N,E,I,A,A,H,-,D,D,0,,,,,Y,Y,A,07,1,0,0,0,0,0,0,0,0,"- ","- ",39.629291534423828,-121.99635314941406,GLENN,UNINCORPORATED,-122.00115966796875,39.630516052246094
90775500,2018,2018-07-24,9160,2018-05-10,1635,018737,,4,2,9,1100,0,1,3,,1,010,"STATE ROUTE 45","COUNTY ROAD 62",185.00,S,N,B,-,Y,,,45,,,,,,,Y,2,0,2,1,A,-,08,22107,,N,E,I,A,A,H,-,A,D,0,,,,,Y,,D,22,2,0,0,0,0,0,0,0,0,"- ","- ",39.449600219726562,-122.01731872558594,GLENN,UNINCORPORATED,-122.01740264892578,39.449600219726562
90816844,2018,2018-10-18,9160,2018-04-04,1637,018737,,3,2,9,1100,0,1,3,,1,010,"STATE ROUTE 45","COUNTY ROAD 23",325.00,N,N,B,-,Y,,,45,,,,,,,Y,1,2,1,1,A,-,01,23152,F,N,E,I,A,A,H,-,A,D,0,,,,,Y,,A,07,1,0,0,0,0,0,0,0,0,"- ","- ",39.713520050048828,-122.00514221191406,GLENN,UNINCORPORATED,-122.00529479980469,39.713455200195312
90817042,2018,2018-09-19,9160,2018-09-13,0923,017577,,4,1,9,1100,0,3,5,,2,007,"COUNTY ROAD Z","STATE HIGHWAY 162",680.00,N,N,A,-,N,,,,,,,,,,Y,2,0,1,2,A,-,03,22350,,N,B,D,A,A,C,-,A,A,0,,,Y,,Y,,C,02,1,0,0,0,0,0,0,0,1,"- ","- ",39.465850830078125,-121.93016052246094,GLENN,UNINCORPORATED,-121.93006896972656,39.466007232666016
90838384,2018,2018-10-17,9160,2018-10-15,1005,017613,,1,1,9,1100,0,1,3,,1,010,"STATE ROUTE 45","COUNTY ROAD 34",900.00,S,N,A,-,Y,,,45,,,,,,,Y,2,0,1,2,A,-,03,22350,,N,C,C,A,A,H,-,A,D,0,,,,Y,Y,,A,01,1,0,0,0,0,0,0,0,0,"- ","- ",39.613540649414062,-122.00747680664062,GLENN,UNINCORPORATED,-122.00748443603516,39.613540649414062
90844835,2018,2018-10-25,9160,2018-10-19,2040,019164,,5,2,9,1100,0,1,3,,1,010,SR-45,CR-56,361.00,S,N,A,-,Y,,,45,,,,,,,Y,2,0,1,1,A,-,08,22107,,N,E,I,A,A,H,-,D,D,0,,,,,Y,,A,01,1,0,0,0,0,0,0,0,0,"- ","- ",39.4989013671875,-122.0194091796875,GLENN,UNINCORPORATED,-122.01945495605469,39.498905181884766