CASE_ID,ACCIDENT_YEAR,PROC_DATE,JURIS,COLLISION_DATE,COLLISION_TIME,OFFICER_ID,REPORTING_DISTRICT,DAY_OF_WEEK,CHP_SHIFT,POPULATION,CNTY_CITY_LOC,SPECIAL_COND,BEAT_TYPE,CHP_BEAT_TYPE,CITY_DIVISION_LAPD,CHP_BEAT_CLASS,BEAT_NUMBER,PRIMARY_RD,SECONDARY_RD,DISTANCE,DIRECTION,INTERSECTION,WEATHER_1,WEATHER_2,STATE_HWY_IND,CALTRANS_COUNTY,CALTRANS_DISTRICT,STATE_ROUTE,ROUTE_SUFFIX,POSTMILE_PREFIX,POSTMILE,LOCATION_TYPE,RAMP_INTERSECTION,SIDE_OF_HWY,TOW_AWAY,COLLISION_SEVERITY,NUMBER_KILLED,NUMBER_INJURED,PARTY_COUNT,PRIMARY_COLL_FACTOR,PCF_CODE_OF_VIOL,PCF_VIOL_CATEGORY,PCF_VIOLATION,PCF_VIOL_SUBSECTION,HIT_AND_RUN,TYPE_OF_COLLISION,MVIW,PED_ACTION,ROAD_SURFACE,ROAD_COND_1,ROAD_COND_2,LIGHTING,CONTROL_DEVICE,CHP_ROAD_TYPE,PEDESTRIAN_ACCIDENT,BICYCLE_ACCIDENT,MOTORCYCLE_ACCIDENT,TRUCK_ACCIDENT,NOT_PRIVATE_PROPERTY,ALCOHOL_INVOLVED,STWD_VEHTYPE_AT_FAULT,CHP_VEHTYPE_AT_FAULT,COUNT_SEVERE_INJ,COUNT_VISIBLE_INJ,COUNT_COMPLAINT_PAIN,COUNT_PED_KILLED,COUNT_PED_INJURED,COUNT_BICYCLIST_KILLED,COUNT_BICYCLIST_INJURED,COUNT_MC_KILLED,COUNT_MC_INJURED,PRIMARY_RAMP,SECONDARY_RAMP,LATITUDE,LONGITUDE,COUNTY,CITY,POINT_X,POINT_Y
90870496,2018,2018-11-29,9160,2018-11-22,1640,019043,,4,2,9,1100,0,1,1,,2,006,I-5,"STONY CREEK BRIDGE",134.00,N,N,B,C,Y,,,5,,,,,,,Y,2,0,2,2,A,-,08,22107,,N,A,C,A,B,H,-,B,D,0,,,,Y,Y,,A,01,1,0,1,0,0,0,0,0,0,"- ","- ",39.773860931396484,-122.20487213134766,GLENN,UNINCORPORATED,-122.20494079589844,39.77386474609375
90882479,2018,2018-12-13,9160,2018-12-08,0330,017873,,6,3,9,1100,0,3,5,,2,005,"COUNTY ROAD 9","3RD AVE",270.00,E,N,A,-,N,,,,,,,,,,Y,2,0,1,1,C,-,18,,,N,E,H,A,A,H,-,D,D,0,,,,,Y,,-,"- ",1,0,0,0,0,0,0,0,0,"- ","- ",39.766559600830078,-122.06484985351562,GLENN,UNINCORPORATED,-122.06549835205078,39.766532897949219
90891184,2018,2018-12-27,9160,2018-12-15,1903,019164,,6,2,9,1100,0,3,5,,2,003,"COUNTY ROAD C","COUNTY ROAD 200",3696.00,N,N,B,-,N,,,,,,,,,,N,2,0,1,1,A,-,01,23152,A,N,E,I,A,B,E,H,D,D,0,,,,,Y,Y,A,01,1,0,0,0,0,0,0,0,0,"- ","- ",39.784160614013672,-122.27208709716797,GLENN,UNINCORPORATED,-122.27220916748047,39.784641265869141
90893991,2018,2018-12-31,9160,2018-12-28,1050,018737,,5,1,9,1100,0,3,5,,2,005,"COUNTY ROAD 9","6TH AVE",0.00,,Y,A,-,N,,,,,,,,,,Y,2,0,4,2,A,-,09,21802,A,N,D,C,A,A,H,-,A,A,0,,,,,Y,,A,07,2,0,2,0,0,0,0,0,0,"- ","- ",39.768539428710938,-122.10999298095703,GLENN,UNINCORPORATED,-122.109993,39.768538999999997
90920709,2018,2019-04-08,9160,2018-09-27,1745,019742,,4,2,9,1100,0,3,5,,2,001,"FOREST HIGHWAY 20N01","COUNTY ROAD 308",5280.00,W,N,A,-,N,,,,,,,,,,Y,1,1,0,1,A,-,08,22107,,N,E,I,A,A,H,-,A,D,0,,,,,Y,,D,22,0,0,0,0,0,0,0,0,0,"- ","- ",39.570610046386719,-122.64108276367188,GLENN,UNINCORPORATED,-122.64129638671875,39.569690704345703
90951730,2019,2019-03-22,9160,2019-03-14,0246,017873,,4,3,9,1100,0,1,1,,2,006,"INTERSTATE 5 NB",SR-32,5280.00,N,N,A,-,Y,,,5,,,,,,N,Y,2,0,2,2,C,-,18,,,N,C,C,A,A,H,-,C,D,0,,,,,Y,,-,"- ",1,1,0,0,0,0,0,0,0,"- ","- ",39.764720916748047,-122.20500183105469,GLENN,UNINCORPORATED,-122.20506286621094,39.764720916748047
90954059,2019,2019-03-26,9160,2019-03-15,0540,018128,,5,3,9,1100,0,3,5,,2,007,"COUNTY ROAD Z","COUNTY ROAD 50",2112.00,S,N,A,-,N,,,,,,,,,,Y,2,0,2,2,A,-,01,23152,A,N,A,C,A,A,H,-,D,D,0,,,,,Y,Y,A,01,2,0,0,0,0,0,0,0,0,"- ","- ",39.516319274902344,-121.92984008789062,GLENN,UNINCORPORATED,-121.92986297607422,39.516551971435547
90990194,2019,2019-05-16,9160,2019-05-09,0430,015118,,4,3,9,1100,0,3,5,,2,007,"CO. RD. R","CO. RD. 39",1584.00,N,N,A,-,N,,,,,,,,,,Y,2,0,2,1,A,-,08,22107,,N,E,I,A,A,H,-,D,A,0,,,,,Y,,A,07,1,1,0,0,0,0,0,0,0,"- ","- ",39.586528778076172,-122.11676788330078,GLENN,UNINCORPORATED,-122.11682891845703,39.586524963378906
90993462,2019,2019-05-21,9160,2019-05-12,1300,019164,,7,1,9,1100,0,2,4,,2,016,"COUNTY ROAD 18","HIGHWAY 99W",0.00,,Y,A,-,N,,,,,,,,,,Y,2,0,4,2,A,-,09,21802,A,N,D,C,A,A,H,-,A,A,0,,,,,Y,,D,22,1,3,0,0,0,0,0,0,0,"- ","- ",39.733089447021484,-122.19664764404297,GLENN,UNINCORPORATED,-122.19676208496094,39.732959747314453
91002576,2019,2019-06-03,9160,2019-05-24,1525,020318,,5,2,9,1100,0,2,4,,2,016,"COUNTY ROAD 20","HIGHWAY 99W",0.00,,Y,A,-,N,,,,,,,,,,Y,2,0,1,2,A,-,09,21802,A,N,D,C,A,A,H,-,A,A,0,,,,,Y,,A,01,1,0,0,0,0,0,0,0,0,"- ","- ",39.725711822509766,-122.19693756103516,GLENN,UNINCORPORATED,-122.19692230224609,39.7257080078125
91045472,2019,2019-08-05,9160,2019-04-27,0819,019164,,6,1,9,1100,0,1,1,,2,006,"I-5 N/B","COUNTY ROAD 20",618.00,S,N,A,-,Y,,,5,,,,,,N,Y,1,1,1,2,A,-,03,22350,,N,C,C,A,A,H,-,A,D,0,,,,,Y,,A,07,0,0,1,0,0,0,0,0,0,"- ","- ",39.724330902099609,-122.20571136474609,GLENN,UNINCORPORATED,-122.20579528808594,39.724330902099609
91071811,2019,2019-09-10,9160,2019-09-01,1022,018895,,7,1,9,1100,0,3,5,,2,005,"COUNTY ROAD 16","COUNTY ROAD VV",0.00,,Y,A,-,N,,,,,,,,,,Y,2,0,1,2,A,-,01,23152,A,N,D,C,A,A,H,-,A,A,0,,,,Y,Y,Y,A,01,1,0,0,0,0,0,0,0,0,"- ","- ",39.737628936767578,-122.05718994140625,GLENN,UNINCORPORATED,-122.05729675292969,39.737518310546875
91083296,2019,2019-09-25,9160,2019-09-14,0835,018128,,6,1,9,1100,0,3,5,,2,001,"COUNTY ROAD D","STATE ROUTE 162",2640.00,S,N,A,-,N,,,,,,,,,,Y,2,0,2,1,A,-,08,22107,,N,E,I,A,A,H,-,A,D,0,,,,,Y,,A,01,2,0,0,0,0,0,0,0,0,"- ","- ",39.514049530029297,-122.24916076660156,GLENN,UNINCORPORATED,-122.24919891357422,39.516899108886719
91095045,2019,2019-10-10,9160,2019-10-01,2014,018895,,2,2,9,1100,0,1,1,,2,004,"I-5 N/B","WILSON CREEK",103.00,N,N,A,-,Y,,,5,,,,,,N,Y,2,0,1,1,A,-,08,22107,,N,F,A,A,A,H,-,D,D,0,,,,Y,Y,,G,25,1,0,0,0,0,0,0,0,0,"- ","- ",39.563980102539062,-122.21305847167969,GLENN,UNINCORPORATED,-122.21316528320312,39.563995361328125
91100028,2019,2019-10-17,9160,2019-10-07,1610,019718,,1,2,9,1100,0,3,5,,2,005,"COUNTY ROAD P","COUNTY ROAD 27",2550.00,N,N,A,-,N,,,,,,,,,,Y,2,0,1,1,A,-,01,23152,A,N,F,A,A,A,H,-,A,D,0,,,,,Y,Y,D,22,1,0,0,0,0,0,0,0,0,"- ","- ",39.688491821289062,-122.14025115966797,GLENN,UNINCORPORATED,-122.14019775390625,39.688552856445312
91108301,2019,2019-10-28,9160,2019-10-20,1840,020558,,7,2,9,1100,0,1,1,,2,006,"INTERSTATE 5","COUNTY ROAD 20",11.00,N,N,A,-,Y,,,5,,,,,,,Y,2,0,2,1,A,-,08,22107,,N,E,I,A,A,H,-,D,D,0,,,,,Y,,A,01,1,1,0,0,0,0,0,0,0,"- ","- ",39.725730895996094,-122.20610809326172,GLENN,UNINCORPORATED,-122.20606231689453,39.725730895996094
91113418,2019,2019-11-05,9160,2019-10-24,1455,019718,,4,2,9,1100,0,3,5,,2,001,"COUNTY ROAD 303",SR-162,1455.00,S,N,A,-,N,,,,,,,,,,Y,2,0,5,1,A,-,08,22107,,N,E,I,A,A,H,-,A,D,0,,,,,Y,,A,07,2,0,3,0,0,0,0,0,0,"- ","- ",39.583370208740234,-122.44789123535156,GLENN,UNINCORPORATED,-122.44783020019531,39.583358764648438
91119776,2019,2019-11-13,9160,2019-11-01,1445,019718,,5,2,9,1100,0,3,5,,2,007,"COUNTY ROAD 39","COUNTY ROAD P",0.00,,Y,A,-,N,,,,,,,,,,Y,2,0,4,2,A,-,12,22450,A,N,D,C,A,A,H,-,A,A,0,,,,,Y,,A,01,2,2,0,0,0,0,0,0,0,"- ","- ",39.582229614257812,-122.13715362548828,GLENN,UNINCORPORATED,-122.13710784912109,39.582241058349609
91184802,2019,2020-02-14,9160,2019-08-23,0035,017873,,5,3,9,1100,0,1,1,,2,002,"INTERSTATE 5 NB","COUNTY ROAD 57",4752.00,S,N,A,-,Y,,,5,,,,,,N,Y,1,3,0,2,A,-,01,23152,F,N,D,C,A,A,H,-,D,D,0,,,,,Y,,A,01,0,0,0,0,0,0,0,0,0,"- ","- ",39.480270385742188,-122.19484710693359,GLENN,UNINCORPORATED,-122.19570922851562,39.480278015136719
91193220,2019,2020-02-25,9160,2019-01-17,1756,019568,,4,2,9,1100,0,1,3,,1,008,SR-32,"COUNTY ROAD P",0.00,,Y,A,-,Y,,,32,,,,,,,N,1,1,0,3,A,-,03,22350,,F,G,B,E,A,H,-,D,D,0,Y,,,,Y,,-,99,0,0,0,1,0,0,0,0,0,"- ","- ",39.746959686279297,-122.14098358154297,GLENN,UNINCORPORATED,-122.14098358154297,39.746963500976562
91214677,2019,2020-03-24,9160,2019-10-20,1136,014900,,7,1,9,1100,0,1,3,,2,014,SR-162,"COUNTY ROAD 303",18480.00,W,N,A,-,Y,,,162,,,,,,,Y,2,0,1,2,A,-,05,21460,A,F,E,I,A,A,H,-,A,A,0,,,Y,,Y,,-,99,1,0,0,0,0,0,0,0,1,"- ","- ",39.598220825195312,-122.50559234619141,GLENN,UNINCORPORATED,-122.50559234619141,39.598217010498047
91215816,2020,2020-03-25,9160,2020-03-16,0737,018737,,1,1,9,1100,0,2,4,,2,016,"COUNTY ROAD 99W","COUNTY ROAD 20",110.00,N,N,B,-,N,,,,,,,,,,Y,2,0,2,2,A,-,05,21460,A,N,A,C,A,B,H,-,A,D,0,,,,,Y,,A,01,1,0,1,0,0,0,0,0,0,"- ","- ",39.725948333740234,-122.19692993164062,GLENN,UNINCORPORATED,-122.19689178466797,39.726009368896484
91222432,2020,2020-04-07,9160,2020-03-29,2120,020558,,7,2,9,1100,0,3,5,,2,003,"COUNTY ROAD H","COUNTY ROAD 18",661.00,S,N,A,-,N,,,,,,,,,,Y,2,0,2,1,A,-,01,23152,A,N,E,I,A,A,H,-,D,D,0,,,,,Y,Y,A,01,1,1,0,0,0,0,0,0,0,"- ","- ",39.731948852539062,-122.21568298339844,GLENN,UNINCORPORATED,-122.21573638916016,39.731334686279297
91240529,2020,2020-05-20,9160,2020-05-08,0757,018737,,5,1,9,1100,0,1,1,,2,002,"I-5 N/B","COUNTY ROAD 68",537.00,S,N,A,-,Y,,,5,,,,,,N,Y,2,0,2,1,A,-,08,22107,,N,F,A,A,A,H,-,A,D,0,,,,,Y,,D,22,2,0,0,0,0,0,0,0,0,"- ","- ",39.405208587646484,-122.19548034667969,GLENN,UNINCORPORATED,-122.19544982910156,39.405216217041016
91248469,2020,2020-06-08,9160,2020-05-27,1310,019043,,3,1,9,1100,0,3,5,,2,005,"CO RD L","CO RD 7",25.00,S,N,A,-,N,,,,,,,,,,Y,2,0,1,1,A,-,08,22107,,N,E,I,A,A,H,-,A,D,0,,,,,Y,,A,01,1,0,0,0,0,0,0,0,0,"- ","- ",39.783538818359375,-122.18267059326172,GLENN,UNINCORPORATED,-122.18292236328125,39.783481597900391
91252595,2020,2020-06-16,9160,2020-06-01,1740,017065,,1,2,9,1100,0,1,3,,1,008,"STATE ROUTE 32","COUNTY ROAD P",0.00,,Y,A,-,Y,,,32,,,,,,,Y,2,0,2,3,A,-,12,22450,A,N,D,C,A,A,H,-,A,A,0,,,,,Y,,A,01,1,1,0,0,0,0,0,0,0,"- ","- ",39.746879577636719,-122.14092254638672,GLENN,UNINCORPORATED,-122.14092254638672,39.746898651123047
91261549,2020,2020-07-01,9160,2020-06-22,1030,014900,,1,1,9,1100,0,1,1,,2,004,"I-5 S/B","COUNTY ROAD 48",4752.00,N,N,A,-,Y,,,5,,,,,,S,Y,2,0,1,2,A,-,08,22107,,F,B,C,A,A,H,-,A,D,0,,,,,Y,,-,99,1,0,0,0,0,0,0,0,0,"- ","- ",39.551399230957031,-122.21513366699219,GLENN,UNINCORPORATED,-122.2149658203125,39.551399230957031
91288334,2020,2020-08-18,9160,2020-07-05,0240,020810,,7,3,9,1100,0,2,4,,2,016,"COUNTY ROAD 99W","COUNTY ROAD 48",325.00,S,N,A,-,N,,,,,,,,,,N,2,0,1,2,A,-,01,23152,A,F,G,B,E,A,H,-,D,D,0,Y,,,,Y,Y,A,01,1,0,0,0,1,0,0,0,0,"- ","- ",39.537910461425781,-122.19349670410156,GLENN,UNINCORPORATED,-122.19345855712891,39.537967681884766
91291692,2020,2020-08-24,9160,2020-08-17,2230,020810,,1,3,9,1100,0,1,1,,2,004,"I-5 S/B","COUNTY ROAD 57",2640.00,N,N,A,-,Y,,,5,,,,,,S,Y,2,0,1,1,A,-,08,22107,,N,E,I,A,A,H,-,D,D,0,,,,,Y,,A,01,1,0,0,0,0,0,0,0,0,"- ","- ",39.500350952148438,-122.19992828369141,GLENN,UNINCORPORATED,-122.19993591308594,39.500347137451172
91304650,2020,2020-09-15,9160,2020-09-06,2345,020810,,7,3,9,1100,0,1,3,,2,014,"SR-162 (COUNTY ROAD 306)",SR-162,10560.00,N,N,A,-,Y,,,162,,,,,,,Y,2,0,3,1,A,-,08,22107,,N,E,I,A,A,H,-,D,D,0,,,,Y,Y,,F,26,1,0,2,0,0,0,0,0,0,"- ","- ",39.637588500976562,-122.52304077148438,GLENN,UNINCORPORATED,-122.52306365966797,39.637596130371094
91309135,2020,2020-09-22,9160,2020-04-30,0752,016148,,4,1,9,1100,0,1,1,,2,002,"INTERSTATE 5 SOUTHBOUND","COUNTY ROAD 35",350.00,N,N,A,-,Y,,,5,,,,,,S,Y,1,1,0,1,A,-,08,22107,,N,E,I,A,A,H,-,A,D,0,,,,Y,Y,,G,25,0,0,0,0,0,0,0,0,0,"- ","- ",39.612358093261719,-122.20735168457031,GLENN,UNINCORPORATED,-122.20732116699219,39.612354278564453
91319729,2020,2020-10-07,9160,2020-09-25,0729,018128,,5,1,9,1100,0,1,3,,2,014,SR-162,"COUNTY ROAD BB",0.00,,Y,A,-,Y,,,162,,,,,,,Y,2,0,1,2,A,-,09,21801,A,N,D,C,A,A,H,-,A,D,0,,,,Y,Y,,G,25,1,0,0,0,0,0,0,0,0,"- ","- ",39.524078369140625,-122.27739715576172,GLENN,UNINCORPORATED,-122.27739715576172,39.524105072021484
91320499,2020,2020-10-08,9160,2020-09-29,2115,018750,,2,2,9,1100,0,2,4,,2,016,"COUNTY ROAD 99W","COUNTY ROAD 28",528.00,S,N,A,-,N,,,,,,,,,,Y,2,0,2,1,A,-,01,23152,A,N,F,A,A,A,H,-,D,D,0,,,,,Y,Y,A,07,1,1,0,0,0,0,0,0,0,"- ","- ",39.664161682128906,-122.19699096679688,GLENN,UNINCORPORATED,-122.19696044921875,39.666339874267578
91330889,2020,2020-10-26,9160,2020-10-16,1920,020558,,5,2,9,1100,0,3,5,,2,001,"FOREST ROUTE 18N06","LODOGA STONYFORD RD",79200.00,W,N,A,-,N,,,,,,,,,,Y,2,0,3,1,A,-,08,22107,,N,F,A,A,A,A,B,D,D,0,,,,,Y,,A,07,2,1,0,0,0,0,0,0,0,"- ","- ",39.410999298095703,-122.67366790771484,GLENN,UNINCORPORATED,,
91333572,2020,2020-10-28,9160,2020-10-16,1553,020558,,5,2,9,1100,0,1,3,,1,010,"STATE ROUTE 45","COUNTY ROAD 44",2112.00,S,N,A,-,Y,,,45,,,,,,,Y,2,0,2,2,A,-,05,21460,A,N,A,C,A,A,H,-,A,D,0,,,,,Y,,A,01,1,1,0,0,0,0,0,0,0,"- ","- ",39.552818298339844,-122.00308990478516,GLENN,UNINCORPORATED,-122.00313568115234,39.552833557128906
91342448,2020,2020-11-09,9160,2020-05-26,0637,014900,,2,1,9,1100,0,3,5,,2,001,"COUNTY ROAD D","COUNTY ROAD 57",509.00,N,N,A,-,N,,,,,,,,,,Y,1,1,1,1,A,-,01,23152,F,N,E,I,A,A,H,-,A,D,0,,,,,Y,,A,07,1,0,0,0,0,0,0,0,0,"- ","- ",39.496250152587891,-122.24903106689453,GLENN,UNINCORPORATED,-122.24908447265625,39.496238708496094
91362421,2020,2020-12-09,9160,2020-11-29,0245,020810,,7,3,9,1100,0,1,1,,2,002,"I-5 S/B",CR-57,4752.00,S,N,A,-,Y,,,5,,,,,,S,Y,2,0,1,1,A,-,01,23152,A,N,F,A,A,A,H,-,D,D,0,,,,,Y,Y,A,01,1,0,0,0,0,0,0,0,0,"- ","- ",39.482200622558594,-122.19624328613281,GLENN,UNINCORPORATED,-122.19606781005859,39.482200622558594
91380948,2020,2021-01-05,9160,2020-12-26,1554,020218,,6,2,9,1100,0,1,3,,1,010,"STATE ROUTE 45","COUNTY ROAD 61",1041.00,S,N,A,-,Y,,,,,,,,,,Y,2,0,1,1,A,-,08,22107,,N,E,I,A,A,H,-,A,D,0,,,,,Y,,A,01,1,0,0,0,0,0,0,0,0,"- ","- ",39.526321411132812,-122.21169281005859,GLENN,UNINCORPORATED,-122.01728057861328,39.454452514648438
91392233,2020,2021-01-21,9160,2020-07-11,0005,017873,,6,3,9,1100,0,1,1,,2,002,"INTERSTATE 5 NB","COUNTY ROAD 60",2640.00,S,N,A,F,Y,,,5,,,,,,N,Y,1,1,2,2,A,-,01,23152,A,N,D,C,A,A,H,-,D,D,0,,,,Y,Y,Y,D,22,2,0,0,0,0,0,0,0,0,"- ","- ",39.463920593261719,-122.19554138183594,GLENN,UNINCORPORATED,-122.19552612304688,39.463920593261719
91394220,2020,2021-01-26,9160,2020-12-25,1944,019718,,5,2,9,1100,0,1,1,,2,004,"I-5 SOUTHBOUND","COUNTY ROAD 48",1580.00,N,N,B,C,Y,,,5,,,,,,S,N,2,0,1,2,A,-,11,21954,A,F,G,B,E,B,H,-,D,D,0,Y,,,,Y,,N,60,1,0,0,0,1,0,0,0,0,"- ","- ",39.543258666992188,-122.21498107910156,GLENN,UNINCORPORATED,-122.21495056152344,39.543258666992188
91407210,2021,2021-02-11,9160,2021-02-02,0530,016148,,2,3,9,1100,0,1,3,,1,010,"SR-45 S/B","COUNTY ROAD 28",1056.00,N,N,B,-,Y,,,45,,,,,,S,Y,2,0,1,1,A,-,08,22107,,N,E,I,A,B,H,-,D,D,0,,,,,Y,,A,01,1,0,0,0,0,0,0,0,0,"- ","- ",39.669689178466797,-122.00869750976562,GLENN,UNINCORPORATED,-122.00864410400391,39.669692993164062
91420711,2021,2021-03-04,9160,2021-02-20,0920,018128,,6,1,9,1100,0,1,1,,2,004,"I-5 S/B","BOYD OVERFLOW",104.00,S,N,A,-,Y,,,5,,,,,,S,Y,2,0,1,1,A,-,08,22107,,N,E,I,A,A,H,-,A,D,0,,,,,Y,,A,01,1,0,0,0,0,0,0,0,0,"- ","- ",39.554939270019531,-122.21494293212891,GLENN,UNINCORPORATED,-122.21488189697266,39.554931640625
91439631,2021,2021-03-30,9160,2021-03-21,0325,020810,,7,3,9,1100,0,1,1,,2,006,"I-5 NB TO COUNTY ROAD 7","COUNTY ROAD 7",320.00,S,N,A,-,Y,,,5,,,,R,,N,Y,2,0,1,1,A,-,08,22107,,N,F,A,A,A,H,-,D,A,0,,,,,Y,,A,01,1,0,0,0,0,0,0,0,0,"- ","- ",39.782859802246094,-122.20368957519531,GLENN,UNINCORPORATED,-122.20368957519531,39.782859802246094
91496669,2021,2021-06-14,9160,2021-05-25,1230,014900,,2,1,9,1100,0,3,5,,2,001,"COUNTY ROAD 62","COUNTY ROAD F",0.00,,Y,A,-,N,,,,,,,,,,Y,2,0,1,1,C,-,18,,,N,E,I,A,A,H,-,A,A,0,,,,,Y,,-,"- ",1,0,0,0,0,0,0,0,0,"- ","- ",39.450931549072266,-122.23049926757812,GLENN,UNINCORPORATED,-122.23049163818359,39.4521484375
91498363,2021,2021-06-16,9160,2021-06-06,0815,016148,,7,1,9,1100,0,2,4,,2,016,"COUNTY ROAD 99W","COUNTY ROAD 7",0.00,,Y,A,-,Y,,,,,,,,,,Y,2,0,1,2,A,-,09,21801,A,N,A,C,A,A,H,-,A,D,0,,,,,Y,,A,01,1,0,0,0,0,0,0,0,0,"- ","- ",39.783668518066406,-122.19766235351562,GLENN,UNINCORPORATED,-122.19764709472656,39.783664703369141
91515805,2021,2021-07-08,9160,2021-06-29,0850,016148,,2,1,9,1100,0,1,1,,2,002,"I-5 S/B","COUNTY ROAD 48",1584.00,S,N,A,-,Y,,,5,,,,,,S,Y,2,0,1,1,A,-,08,22107,,N,F,A,A,A,H,-,A,D,0,,,,,Y,,D,22,1,0,0,0,0,0,0,0,0,"- ","- ",39.533439636230469,-122.21475219726562,GLENN,UNINCORPORATED,-122.21492004394531,39.533439636230469
91521509,2021,2021-07-15,9160,2021-07-06,1013,018737,,2,1,9,1100,0,1,1,,2,004,"I-5 S/B","COUNTY ROAD 57",3696.00,N,N,A,-,Y,,,5,,,,,,S,Y,2,0,1,1,A,-,08,22107,,N,E,I,A,A,H,-,A,D,0,,,,,Y,,D,22,1,0,0,0,0,0,0,0,0,"- ","- ",39.503189086914062,-122.20182037353516,GLENN,UNINCORPORATED,-122.20182800292969,39.503185272216797
91540577,2021,2021-08-09,9160,2021-07-31,2040,019164,,6,2,9,1100,0,1,3,,1,010,SR-45,"COUNTY ROAD 24",342.00,N,N,A,-,Y,,,45,,,,,,,N,2,0,1,1,C,-,18,,,N,E,H,A,A,H,-,D,D,0,,,Y,,Y,,-,"- ",1,0,0,0,0,0,0,0,1,"- ","- ",39.708789825439453,-122.00369262695312,GLENN,UNINCORPORATED,-122.00382995605469,39.708747863769531
91542546,2021,2021-08-11,9160,2021-07-30,1235,018128,,5,1,9,1100,0,3,5,,2,005,"COUNTY ROAD 25","COUNTY ROAD S",1450.00,E,N,A,-,N,,,,,,,,,,Y,2,0,1,1,A,-,01,23152,A,N,E,I,A,A,H,-,A,D,0,,,,,Y,Y,A,07,1,0,0,0,0,0,0,0,0,"- ","- ",39.69586181640625,-122.09795379638672,GLENN,UNINCORPORATED,-122.09799957275391,39.695934295654297
91557413,2021,2021-08-27,9160,2021-02-28,1536,020558,,7,2,9,1100,0,3,5,,2,001,"COUNTY ROAD 306","BLACK DIAMOND ROAD",2112.00,N,N,A,-,N,,,,,,,,,,Y,1,1,0,1,A,-,01,23152,A,N,E,I,A,A,H,-,A,D,0,,,Y,,Y,Y,C,02,0,0,0,0,0,0,0,1,0,"- ","- ",39.411331176757812,-122.54511260986328,GLENN,UNINCORPORATED,-122.54510498046875,39.411426544189453
91601960,2021,2021-10-20,9160,2021-10-12,1940,017319,,2,2,9,1100,0,3,5,,2,007,"CO RD Z","CO RD 70",0.00,,Y,A,-,N,,,,,,,,,,Y,2,0,2,1,A,-,01,23152,A,N,E,I,A,A,H,-,D,D,0,,,,,Y,Y,D,22,2,0,0,0,0,0,0,0,0,"- ","- ",39.391391754150391,-121.92933654785156,GLENN,UNINCORPORATED,-121.92943572998047,39.391082763671875
91601975,2021,2021-10-21,9160,2021-10-15,1515,020558,,5,2,9,1100,0,1,1,,2,006,"INTERSTATE 5 SOUTHBOUND","COUNTY ROAD 33",4224.00,N,N,A,-,Y,,,5,,,,,,S,Y,2,0,1,1,A,-,08,22107,,N,E,I,A,A,H,-,A,D,0,,,,,Y,,A,01,1,0,0,0,0,0,0,0,0,"- ","- ",39.635738372802734,-122.20432281494141,GLENN,UNINCORPORATED,-122.20436859130859,39.635738372802734
91622033,2021,2021-11-10,9160,2021-11-02,0030,019718,,2,3,9,1100,0,3,5,,2,007,"COUNTY ROAD 39","COUNTY ROAD S",1515.00,E,N,B,-,N,,,,,,,,,,Y,2,0,1,1,A,-,08,22107,,N,E,I,A,A,H,-,D,D,0,,,,,Y,,D,22,1,0,0,0,0,0,0,0,0,"- ","- ",39.581680297851562,-122.10202789306641,GLENN,UNINCORPORATED,-122.10210418701172,39.582061767578125