CASE_ID,ACCIDENT_YEAR,PROC_DATE,JURIS,COLLISION_DATE,COLLISION_TIME,OFFICER_ID,REPORTING_DISTRICT,DAY_OF_WEEK,CHP_SHIFT,POPULATION,CNTY_CITY_LOC,SPECIAL_COND,BEAT_TYPE,CHP_BEAT_TYPE,CITY_DIVISION_LAPD,CHP_BEAT_CLASS,BEAT_NUMBER,PRIMARY_RD,SECONDARY_RD,DISTANCE,DIRECTION,INTERSECTION,WEATHER_1,WEATHER_2,STATE_HWY_IND,CALTRANS_COUNTY,CALTRANS_DISTRICT,STATE_ROUTE,ROUTE_SUFFIX,POSTMILE_PREFIX,POSTMILE,LOCATION_TYPE,RAMP_INTERSECTION,SIDE_OF_HWY,TOW_AWAY,COLLISION_SEVERITY,NUMBER_KILLED,NUMBER_INJURED,PARTY_COUNT,PRIMARY_COLL_FACTOR,PCF_CODE_OF_VIOL,PCF_VIOL_CATEGORY,PCF_VIOLATION,PCF_VIOL_SUBSECTION,HIT_AND_RUN,TYPE_OF_COLLISION,MVIW,PED_ACTION,ROAD_SURFACE,ROAD_COND_1,ROAD_COND_2,LIGHTING,CONTROL_DEVICE,CHP_ROAD_TYPE,PEDESTRIAN_ACCIDENT,BICYCLE_ACCIDENT,MOTORCYCLE_ACCIDENT,TRUCK_ACCIDENT,NOT_PRIVATE_PROPERTY,ALCOHOL_INVOLVED,STWD_VEHTYPE_AT_FAULT,CHP_VEHTYPE_AT_FAULT,COUNT_SEVERE_INJ,COUNT_VISIBLE_INJ,COUNT_COMPLAINT_PAIN,COUNT_PED_KILLED,COUNT_PED_INJURED,COUNT_BICYCLIST_KILLED,COUNT_BICYCLIST_INJURED,COUNT_MC_KILLED,COUNT_MC_INJURED,PRIMARY_RAMP,SECONDARY_RAMP,LATITUDE,LONGITUDE,COUNTY,CITY,POINT_X,POINT_Y
91623516,2021,2021-11-12,9160,2021-09-14,1700,018750,,2,2,9,1100,0,1,1,,2,002,"I-5 S/B","COUNTY ROAD 57",500.00,S,N,A,-,Y,,,5,,,,,,S,Y,2,0,2,1,A,-,08,22107,,N,F,0,A,A,H,-,A,D,0,,,,,Y,,D,22,1,0,1,0,0,0,0,0,0,"- ","- ",39.493980407714844,-122.19689178466797,GLENN,UNINCORPORATED,-122.19674682617188,39.494037628173828
91642460,2021,2021-12-03,9160,2021-11-26,1334,017577,,5,1,9,1100,0,3,5,,2,005,"COUNTY ROAD 30","COUNTY ROAD M",1056.00,E,N,A,-,N,,,,,,,,,,Y,2,0,1,1,A,-,01,23152,A,N,E,I,A,A,H,-,A,D,0,,,,,Y,Y,A,01,1,0,0,0,0,0,0,0,0,"- ","- ",39.653129577636719,-122.17465972900391,GLENN,UNINCORPORATED,-122.17472076416016,39.653129577636719
91703228,2022,2022-02-17,9160,2022-02-06,1012,016148,,7,1,9,1100,0,1,3,,2,014,SR-162,"COUNTY ROAD 302",2112.00,W,N,A,-,Y,GLE,,162,,,56.445,H,,R,Y,2,0,1,1,A,-,08,22107,,N,E,I,A,A,H,-,A,D,0,,,,,Y,,A,07,1,0,0,0,0,0,0,0,0,"- ","- ",39.5572509765625,-122.36203765869141,GLENN,UNINCORPORATED,-122.36201477050781,39.557315826416016
91703639,2022,2022-02-17,9160,2022-02-11,2050,020558,,5,2,9,1100,0,3,5,,2,005,"RAILROAD AVENUE","COUNTY ROAD 18",0.00,,Y,A,-,N,,,,,,,,,,Y,2,0,1,1,A,-,01,23152,A,N,E,I,A,A,H,-,C,D,0,,,,,Y,Y,D,22,1,0,0,0,0,0,0,0,0,"- ","- ",39.732929229736328,-122.19528198242188,GLENN,UNINCORPORATED,-122.1951904296875,39.733039855957031
91731298,2022,2022-03-24,9160,2022-03-08,0524,017577,,2,3,9,1100,0,2,4,,2,016,"COUNTY ROAD 99W","COUNTY ROAD 9",528.00,S,N,A,-,N,,,,,,,,,,Y,2,0,1,2,A,-,05,21460,A,F,A,C,A,A,H,-,C,D,0,,,,,Y,,-,99,1,0,0,0,0,0,0,0,0,"- ","- ",39.767349243164062,-122.19673919677734,GLENN,UNINCORPORATED,-122.19673919677734,39.767601013183594
91753755,2022,2022-04-21,9160,2022-04-12,1900,018750,,2,2,9,1100,0,1,1,,2,002,"I-5 S/B","COUNTY ROAD 68",4500.00,N,N,B,-,Y,,,,,,,,,,Y,2,0,1,1,A,-,08,22107,,N,E,8,A,A,H,-,A,D,0,,,,,Y,,A,01,1,0,0,0,0,0,0,0,0,"- ","- ",39.419578552246094,-122.19454193115234,GLENN,UNINCORPORATED,-122.19403076171875,39.417003631591797
91762634,2022,2022-05-02,9160,2022-03-28,1748,018750,,1,2,9,1100,0,1,1,,2,002,I-5,"COUNTY ROAD 68",1325.00,N,N,B,-,Y,GLE,,5,,R,1.767,H,,L,Y,2,0,1,2,A,-,08,22107,,N,D,D,A,A,H,-,A,D,0,,,,Y,Y,,D,22,1,0,0,0,0,0,0,0,0,"- ","- ",39.410720825195312,-122.19545745849609,GLENN,UNINCORPORATED,-122.19540405273438,39.410713195800781
91768735,2022,2022-05-10,9160,2022-05-01,1845,020810,,7,2,9,1100,0,1,3,,2,014,"STATE ROUTE 162 / COUNTY ROAD 306","STATE ROOUTE 162 / FOREST ROAD 7 CUT-OFF",300.00,S,N,A,-,Y,GLE,,162,,,41.433,H,,R,Y,2,0,1,1,A,-,01,23152,A,N,E,8,A,A,H,-,D,D,0,,,,,Y,Y,A,01,1,0,0,0,0,0,0,0,0,"- ","- ",39.662628173828125,-122.52571868896484,GLENN,UNINCORPORATED,-122.52585601806641,39.662666320800781
91786331,2022,2022-06-01,9160,2022-05-24,1850,019043,,2,2,9,1100,0,3,5,,2,005,"CO RD 33","CO RD P",32.00,E,N,A,-,N,,,,,,,,,,N,2,0,1,1,A,-,01,23152,A,N,E,I,A,A,H,-,A,D,0,,,,,Y,Y,D,22,1,0,0,0,0,0,0,0,0,"- ","- ",38.567699432373047,-121.44010162353516,GLENN,UNINCORPORATED,-122.14130401611328,39.623779296875
91792188,2021,2022-06-09,9160,2021-08-23,0612,017577,,1,1,9,1100,0,1,3,,1,010,"STATE ROUTE 45","COUNTY ROAD 56",1978.00,S,N,A,-,Y,,,45,,,,,,,Y,1,2,3,2,A,-,01,23152,F,N,A,C,A,A,H,-,B,D,0,,,,,Y,,D,22,3,0,0,0,0,0,0,0,0,"- ","- ",39.490261077880859,-122.02088165283203,GLENN,UNINCORPORATED,-122.0208740234375,39.490261077880859
91792217,2022,2022-06-09,9160,2022-05-29,1010,018128,,7,1,9,1100,0,1,3,,1,010,SR-45,"COUNTY ROAD 26",2112.00,N,N,A,-,Y,GLE,,45,,,19.341,H,,R,Y,2,0,1,1,A,-,08,22107,,N,F,A,A,A,H,-,A,D,0,,,,,Y,,D,22,1,0,0,0,0,0,0,0,0,"- ","- ",39.689479827880859,-122.00444030761719,GLENN,UNINCORPORATED,-122.00452423095703,39.689483642578125
91820276,2022,2022-07-19,9160,2022-07-11,0115,018750,,1,3,9,1100,0,1,1,,2,002,"I-5 S/B","COUNTY ROAD 57",4752.00,S,N,A,-,Y,,,,,,,,,,Y,2,0,2,1,A,-,01,23152,A,N,E,I,A,A,H,-,D,D,0,,,,,Y,Y,D,22,2,0,0,0,0,0,0,0,0,"- ","- ",39.492710113525391,-122.19506072998047,GLENN,UNINCORPORATED,-122.19705200195312,39.494789123535156
91855723,2022,2022-09-01,9160,2022-08-06,0530,019718,,6,3,9,1100,0,1,3,,1,010,SR-45,"450 FEET SOUTH OF COUNTY ROAD 64",0.00,,Y,A,-,Y,GLE,,45,,,1.943,H,,R,Y,2,0,1,1,A,-,01,23152,A,N,E,I,A,A,H,-,D,D,0,,,,,Y,Y,D,22,1,0,0,0,0,0,0,0,0,"- ","- ",39.441871643066406,-122.01334381103516,GLENN,UNINCORPORATED,-122.01324462890625,39.441925048828125
91870785,2022,2022-09-22,9160,2022-09-10,1110,017577,,6,1,9,1100,0,3,5,,2,005,"COUNTY ROAD 9","COUNTY ROAD QQ",1056.00,E,N,A,-,N,,,,,,,,,,Y,2,0,1,1,A,-,08,22107,,N,E,I,A,A,H,-,A,D,0,,,,,Y,,A,01,1,0,0,0,0,0,0,0,0,"- ","- ",39.768581390380859,-122.11505889892578,GLENN,UNINCORPORATED,-122.11891937255859,39.768569946289062
91876721,2022,2022-09-29,9160,2022-09-23,2150,017873,,5,2,9,1100,0,1,1,,2,002,"INTERSTATE 5","COUNTY ROAD 62",10.00,N,N,A,-,Y,GLE,,5,,R,4.607,H,,L,Y,2,0,2,1,A,-,08,22107,,N,E,I,A,A,H,-,D,D,0,,,,,Y,,A,07,1,1,0,0,0,0,0,0,0,"- ","- ",39.451759338378906,-122.19380950927734,GLENN,UNINCORPORATED,-122.19366455078125,39.451759338378906
91895636,2022,2022-10-20,9160,2022-10-09,1055,019718,,7,1,9,1100,0,2,4,,2,016,"COUNTY ROAD 99W","COUNTY ROAD 68",0.00,,Y,A,-,N,,,,,,,,,,Y,2,0,1,3,A,-,09,21802,A,N,D,C,A,A,H,-,A,A,0,,,Y,Y,Y,,D,22,1,0,0,0,0,0,0,0,1,"- ","- ",39.407138824462891,-122.19281005859375,GLENN,UNINCORPORATED,-122.19281768798828,39.407119750976562
91904541,2022,2022-10-28,9160,2022-10-20,1915,020735,,4,2,9,1100,0,3,5,,2,005,"COUNTY ROAD M","COUNTY ROAD 33",6864.00,N,N,A,-,N,,,,,,,,,,Y,2,0,1,1,A,-,08,22107,,N,E,I,A,A,H,-,D,D,0,,,,,Y,,A,01,1,0,0,0,0,0,0,0,0,"- ","- ",39.642658233642578,-122.17845153808594,GLENN,UNINCORPORATED,-122.17855072021484,39.642887115478516
91931975,2022,2022-12-02,9160,2022-11-18,1450,017319,,5,2,9,1100,0,3,5,,2,007,"CO RD P","CO RD 45",0.00,,Y,A,-,N,,,,,,,,,,Y,2,0,3,2,A,-,12,22450,A,N,D,C,A,A,H,-,A,A,0,,,,,Y,,A,08,2,0,1,0,0,0,0,0,0,"- ","- ",39.553329467773438,-122.13687896728516,GLENN,UNINCORPORATED,-122.13687896728516,39.553352355957031
91939582,2022,2022-12-12,9160,2022-12-02,1730,019718,,5,2,9,1100,0,1,3,,2,012,SR-162,SR-45,697.00,E,N,A,-,Y,GLE,,162,,,76.413,H,,R,Y,2,0,1,1,B,-,22,,,N,F,A,A,A,H,-,C,D,0,,,Y,,Y,,C,02,1,0,0,0,0,0,0,0,1,"- ","- ",39.457168579101562,-122.01473999023438,GLENN,UNINCORPORATED,-122.01473999023438,39.457149505615234
91987851,2021,2023-02-06,9160,2021-08-08,2500,019718,,7,4,9,1100,0,1,1,,2,004,"I-5 SOUTHBOUND","COUNTY ROAD 39",1418.00,N,N,A,-,Y,,,5,,,,,,S,N,1,2,0,1,A,-,01,23152,F,N,F,I,A,A,H,-,D,D,0,,,,,Y,,A,01,0,0,0,0,0,0,0,0,0,"- ","- ",39.585330963134766,-122.21016693115234,GLENN,UNINCORPORATED,-122.21012115478516,39.585323333740234
92004096,2023,2023-02-27,9160,2023-02-14,2009,019043,,2,2,9,1100,0,1,1,,2,002,"I-5 S/B","COUNTY ROAD 68",5808.00,N,N,A,-,Y,GLE,,5," ",R,2.662,H,,L,N,2,0,1,1,A,-,01,23152,A,N,F,A,A,A,H,-,D,D,0,,,,,Y,Y,A,07,1,0,0,0,0,0,0,0,0,"- ","- ",39.423568725585938,-122.19344329833984,GLENN,UNINCORPORATED,-122.19345855712891,39.423568725585938
92005345,2023,2023-02-28,9160,2023-02-15,1135,018128,,3,1,9,1100,0,3,5,,2,007,"COUNTY ROAD 61","COUNTY ROAD U",990.00,W,N,A,-,N,,,,,,,,,,N,2,0,1,1,A,-,08,22107,,N,F,A,A,A,H,-,A,D,0,,,,,Y,,-,"- ",1,0,0,0,0,0,0,0,0,"- ","- ",39.457950592041016,-122.07697296142578,GLENN,UNINCORPORATED,-122.07689666748047,39.45794677734375
92007338,2023,2023-03-01,9160,2023-02-16,1745,017319,,4,2,9,1100,0,3,5,,2,007,"CO RD P","CO RD 48",2640.00,S,N,A,-,N,,,,,,,,,,N,2,0,1,1,A,-,08,22107,,N,E,I,A,A,H,-,D,D,0,,,,,Y,,D,22,1,0,0,0,0,0,0,0,0,"- ","- ",39.536540985107422,-122.13687133789062,GLENN,UNINCORPORATED,-122.13684844970703,39.531669616699219
92016367,2023,2023-03-13,9160,2023-02-23,2500,018750,,4,4,9,1100,0,3,5,,2,003,"COUNTY ROAD 306","COUNTY ROAD 303",6336.00,S,N,F,-,N,,,,,,,,,,Y,1,1,0,1,A,-,08,22107,,N,E,I,A,A,G,-,A,D,0,,,Y,,Y,,C,02,0,0,0,0,0,0,0,1,0,"- ","- ",39.425178527832031,-122.52223205566406,GLENN,UNINCORPORATED,-122.5228271484375,39.425308227539062
92039637,2023,2023-04-07,9160,2023-01-22,"605 ",018128,,7,1,9,1100,0,1,1,,2,004,"I-5 N/B","COUNTY ROAD 35",1584.00,S,N,A,-,Y,GLE,,5," ",R,15.591,H,,R,Y,1,1,1,1,A,-,08,22107,,N,F,A,A,A,H,-,D,D,0,,,,,Y,,A,08,1,0,0,0,0,0,0,0,0,"- ","- ",39.606849670410156,-122.20790100097656,GLENN,UNINCORPORATED,-122.20792388916016,39.606853485107422
92039667,2022,2023-04-07,9160,2022-08-03,1240,017577,,3,1,9,1100,0,1,3,,1,008,"INTERSTATE 5 NORTHBOUND","COUNTY ROAD 24 OVER CROSSING",100.00,S,N,A,-,Y,GLE,,5,,R,22.794,H,,R,Y,1,1,1,1,A,-,08,22107,,N,F,A,A,A,H,-,A,D,0,,,,,Y,,A,07,0,0,1,0,0,0,0,0,0,"- ","- ",39.711029052734375,-122.20603942871094,GLENN,UNINCORPORATED,-122.20600128173828,39.711029052734375
92064140,2022,2023-05-08,9160,2022-06-30,0515,015118,,4,3,9,1100,0,3,5,,2,007,"COUNTY ROAD 60","COUNTY ROAD P",372.00,E,N,A,-,N,,,,,,,,,,Y,1,1,0,1,A,-,01,23152,F,N,F,A,A,A,H,-,B,A,0,,,,,Y,,D,22,0,0,0,0,0,0,0,0,0,"- ","- ",39.465438842773438,-122.13706207275391,GLENN,UNINCORPORATED,-122.13546752929688,39.464809417724609
92073255,2022,2023-05-19,9160,2022-02-04,1240,019718,,5,1,9,1100,0,1,1,,2,006,"I-5 SOUTHBOUND","COUNTY ROAD 20",2020.00,S,N,A,-,Y,GLE,,5,,R,23.397,H,,L,Y,1,1,0,1,A,-,08,22107,,N,E,I,A,A,H,-,A,D,0,,,,,Y,,D,22,0,0,0,0,0,0,0,0,0,"- ","- ",39.719779968261719,-122.2059326171875,GLENN,UNINCORPORATED,-122.20614624023438,39.719783782958984
92074577,2023,2023-05-22,9160,2023-05-14,"525 ",017873,,7,3,9,1100,0,1,1,,2,002,"INTERSTATE 5","COUNTY ROAD 57",5280.00,S,N,A,-,Y,GLE,,5," ",R,6.644,H,,R,Y,2,0,1,1,A,-,08,22107,,N,F,A,A,A,H,-,B,D,0,,,,,Y,,D,22,1,0,0,0,0,0,0,0,0,"- ","- ",39.481098175048828,-122.19587707519531,GLENN,UNINCORPORATED,-122.19571685791016,39.481101989746094
92145776,2023,2023-08-16,9160,2023-08-04,"928 ",017577,,5,1,9,1100,0,1,1,,2,006,"INTERSTATE 5 N/B","COUNTY ROAD 25 OVERCROSSING",332.00,N,N,A,-,Y,GLE,,5," ",R,21.894,H,,R,Y,2,0,1,1,A,-,08,22107,,N,F,A,A,A,H,-,A,D,0,,,,,Y,,D,22,1,0,0,0,0,0,0,0,0,"- ","- ",39.697990417480469,-122.20533752441406,GLENN,UNINCORPORATED,-122.20528411865234,39.697990417480469
92151241,2023,2023-08-23,9160,2023-08-14,1435,018895,,1,2,9,1100,0,1,3,,1,010,SR-45,"ORD FERRY ROAD",0.00,,Y,A,-,Y,GLE,,45," "," ",15.184,H,,R,Y,2,0,1,2,A,-,09,21802,A,N,D,2,A,A,H,-,A,A,0,,,,,Y,,A,08,1,0,0,0,0,0,0,0,0,"- ","- ",39.630588531494141,-122.00689697265625,GLENN,UNINCORPORATED,-122.00688171386719,39.630588531494141
92189535,2023,2023-10-03,9160,2023-09-23,2305,017873,,6,3,9,1100,0,1,1,,2,002,"INTERSTATE 5 NB","COUNTY ROAD 68",5280.00,N,N,A,-,Y,GLE,,5," ",R,2.534,H,,R,Y,2,0,3,1,A,-,01,23152,A,N,F,A,A,A,H,-,D,D,0,,,,,Y,Y,A,07,1,2,0,0,0,0,0,0,0,"- ","- ",39.421680450439453,-122.19306945800781,GLENN,UNINCORPORATED,-122.19309997558594,39.421680450439453
92194479,2023,2023-10-09,9160,2023-06-21,"505 ",017577,,3,3,9,1100,0,3,5,,2,007,"COUNTY ROAD P","COUNTY ROAD 60",0.00,,Y,A,-,N,,,,,,,,,,Y,1,1,0,1,A,-,01,23152,A,N,E,I,A,A,H,-,B,D,0,,,,,Y,Y,D,22,0,0,0,0,0,0,0,0,0,"- ","- ",39.46514892578125,-122.13664245605469,GLENN,UNINCORPORATED,-122.13666534423828,39.465217590332031
92313150,2023,2024-02-13,9160,2023-10-13,"340 ",017873,,5,3,9,1100,0,1,1,,2,004,"INTERSTATE 5 SOUTHBOUND","COUNTY ROAD 57",2112.00,N,N,A,-,Y,GLE,,5," ",R,8.090,H,,L,Y,1,1,5,1,A,-,08,22107,,N,F,A,A,A,H,-,D,D,0,,,,,Y,,A,07,3,1,1,0,0,0,0,0,0,"- ","- ",39.501388549804688,-122.20066070556641,GLENN,UNINCORPORATED,-122.20053863525391,39.501430511474609
92349978,2024,2024-03-28,9160,2024-03-18,2500,018128,,1,4,9,1100,0,1,1,,2,006,"I-5 N/B","STONY CREEK",178.00,S,N,A,-,Y,GLE,,5," ",R,26.846,H,,R,Y,2,0,1,1,A,-,08,22107,,N,E,I,A,A,H,-,B,D,0,,,,,Y,,D,22,1,0,0,0,0,0,0,0,0,"- ","- ",39.769588470458984,-122.20488739013672,GLENN,UNINCORPORATED,-122.20484924316406,39.769588470458984
92365512,2024,2024-04-16,9160,2024-03-10,1940,015118,,7,2,9,1100,0,1,1,,2,004,"I-5 N/B",SR-162,1584.00,S,N,B,C,Y,,,,,,,,,,N,1,1,0,2,A,-,11,21954,A,F,G,B,E,B,H,-,D,D,0,Y,,,,Y,,N,60,0,0,0,1,0,0,0,0,0,"- ","- ",39.514949798583984,-122.21389770507812,GLENN,UNINCORPORATED,-122.21459197998047,39.523571014404297
92417830,2024,2024-06-18,9160,2024-06-09,2245,015118,,7,3,9,1100,0,1,3,,2,014,"SR-162 (CO. RD. 306)","SR-162 (WEST)",2640.00,S,N,A,-,Y,GLE,,162," "," ",41.895,H,,R,N,2,0,1,1,A,-,13,22515,A,N,G,B,A,A,H,-,D,D,0,,,,,Y,,A,01,1,0,0,0,0,0,0,0,0,"- ","- ",39.656028747558594,-122.52594757080078,GLENN,UNINCORPORATED,-122.52597045898438,39.656028747558594
92426398,2024,2024-06-28,9160,2024-06-19,"445 ",015118,,3,3,9,1100,0,1,1,,2,004,"I-5 N/B","CO. RD. 57",1584.00,N,N,A,-,Y,GLE,,5," ",R,7.887,H,,R,Y,2,0,1,1,A,-,08,22107,,N,F,A,A,A,H,-,B,D,0,,,,Y,Y,,G,25,1,0,0,0,0,0,0,0,0,"- ","- ",39.498760223388672,-122.19870758056641,GLENN,UNINCORPORATED,-122.19876861572266,39.498741149902344
92442985,2024,2024-08-14,9160,2024-07-08,1835,020558,,1,2,9,1100,0,2,4,,2,016,"COUNTY ROAD 99W","COUNTY ROAD 43",528.00,N,N,A,-,N,,,,,,,,,,Y,2,0,1,1,A,-,08,22107,,N,E,I,A,A,H,-,A,D,0,,,,,Y,,A,01,1,0,0,0,0,0,0,0,0,"- ","- ",39.569950103759766,-122.19384002685547,GLENN,UNINCORPORATED,-122.19371795654297,39.569290161132812
9254915,2021,2021-05-12,1101,2021-04-22,1757,502,ORLAN,4,5,2,1101,0,0,0,,0,CITY,"WALKER ST","EAST ST",0.00,,Y,A,-,Y,GLE,3,32,-,-,0.550,I,5,E,N,2,0,1,2,A,-,12,21453,A,N,G,B,B,A,H,-,A,A,0,Y,,,,Y,,D,22,1,0,0,0,1,0,0,0,0,"- ","- ",,,GLENN,ORLAND,-122.18722534179688,39.747325897216797
9322174,2021,2021-09-16,1101,2021-08-25,0728,502,ORLAN,3,5,2,1101,0,0,0,,0,CITY,"EAST WALKER ST","WOODWARD AV",0.00,,Y,A,-,Y,GLE,3,32,-,-,0.822,I,5,E,Y,2,0,1,2,A,-,09,21802,A,N,D,C,A,A,H,-,A,A,0,,,Y,,Y,,C,03,1,0,0,0,0,0,0,0,1,"- ","- ",,,GLENN,ORLAND,-122.18217468261719,39.747291564941406
93457625,2024,2024-08-02,9160,2024-07-22,1050,019164,,1,1,9,1100,0,3,5,,2,007,"COUNTY ROAD P","COUNTY ROAD 57",1584.00,S,N,A,-,N,,,,,,,,,,Y,2,0,1,1,A,-,08,22107,,N,E,I,A,A,H,-,A,D,0,,,,,Y,,-,"- ",1,0,0,0,0,0,0,0,0,"- ","- ",39.490009307861328,-122.13687133789062,GLENN,UNINCORPORATED,-122.13682556152344,39.489700317382812
9378446,2021,2021-12-09,1101,2021-11-28,1727,502,ORLAN,7,5,2,1101,0,0,0,,0,CITY,"NEWVILLE RD","9TH ST",375.00,E,N,A,-,Y,GLE,3,32,-,R,0.310,H,-,W,N,2,0,1,2,A,-,11,21954,A,N,G,B,D,A,H,-,C,D,0,Y,,,,Y,,N,60,1,0,0,0,1,0,0,0,0,"- ","- ",,,GLENN,ORLAND,-122.20064544677734,39.748775482177734
94376022,2024,2024-08-30,9160,2024-08-20,"810 ",016148,,2,1,9,1100,0,1,3,,1,008,SR-32,SR-45,528.00,W,N,A,-,Y,GLE,,32," "," ",9.503,H,,R,Y,2,0,1,3,A,-,03,22350,,M,C,C,A,A,H,-,A,D,0,,,,,Y,,A,01,1,0,0,0,0,0,0,0,0,"- ","- ",39.744518280029297,-122.02163696289062,GLENN,UNINCORPORATED,-122.02163696289062,39.744537353515625
94405074,2024,2024-09-23,9160,2024-09-11,1855,022791,,3,2,9,1100,0,3,5,,2,005,"COUNTY ROAD 6","HIGHWAY 99W",0.00,,Y,A,-,N,,,,,,,,,,Y,2,0,1,1,A,-,03,22350,,N,E,I,A,A,H,-,B,A,0,,,,,Y,,A,01,1,0,0,0,0,0,0,0,0,"- ","- ",39.787361145019531,-122.19776153564453,GLENN,UNINCORPORATED,,
94432218,2024,2024-10-15,9160,2024-10-08,2025,015118,,2,2,9,1100,0,1,3,,1,008,SR-32,"CO. RD. P",0.00,,Y,A,-,Y,GLE,,32," "," ",2.999,H,,R,Y,2,0,3,2,A,-,09,21802,A,F,D,C,A,A,H,-,C,A,0,,,,,Y,,A,01,1,1,1,0,0,0,0,0,0,"- ","- ",39.746879577636719,-122.14096832275391,GLENN,UNINCORPORATED,-122.14096832275391,39.746917724609375
94433833,2024,2024-10-16,9160,2024-10-04,1115,024063,,5,1,9,1100,0,3,5,,2,007,"COUNTY ROAD MM","COUNTY ROAD 45",0.00,,Y,A,-,N,,,,,,,,,,N,2,0,1,1,A,-,08,22107,,N,E,I,A,A,H,-,A,D,0,,,Y,,Y,,C,02,1,0,0,0,0,0,0,0,1,"- ","- ",39.553329467773438,-122.16468811035156,GLENN,UNINCORPORATED,-122.16493988037109,39.553199768066406
94470247,2024,2024-11-15,9160,2024-11-04,"517 ",020558,,1,3,9,1100,0,1,1,,2,002,"INTERSTATE 5","COUNTY ROAD 60",3168.00,S,N,A,-,Y,GLE,,5," ",R,5.457,H,,R,Y,2,0,3,1,A,-,08,22107,,N,E,8,A,A,H,-,D,D,0,,,,,Y,,A,01,2,1,0,0,0,0,0,0,0,"- ","- ",39.463840484619141,-122.19583129882812,GLENN,UNINCORPORATED,-122.19551849365234,39.4638671875
94569375,2025,2025-02-06,9160,2025-01-27,"741 ",019043,,1,1,9,1100,0,1,3,,1,010,S-45,"COUNTY ROAD 48",1584.00,S,N,A,-,Y,GLE,,45," "," ",8.063,H,,R,N,2,0,1,1,A,-,08,22107,,N,E,8,A,D,H,-,A,D,0,,,,,Y,,A,07,1,0,0,0,0,0,0,0,0,"- ","- ",39.529121398925781,-122.01210784912109,GLENN,UNINCORPORATED,-122.01219940185547,39.529121398925781
94701908,2024,2025-05-27,9160,2024-07-29,2335,020558,,1,3,9,1100,0,1,1,,2,004,"INTERSTATE 5 SOUTHBOUND","WILSON CREEK BRIDGE",7.00,S,N,A,-,Y,GLE,,5," ",R,12.559,H,,L,Y,1,1,1,4,A,-,11,21954,A,N,G,B,E,A,H,-,D,D,0,Y,,,Y,Y,,N,60,1,0,0,1,0,0,0,0,0,"- ","- ",39.563159942626953,-122.21357727050781,GLENN,UNINCORPORATED,-122.21360015869141,39.563163757324219
94731044,2024,2025-06-18,9160,2024-10-26,1800,022188,,6,2,9,1100,0,3,5,,2,005,"COUNTY ROAD M","COUNTY ROAD 27",315.00,S,N,A,-,N,,,,,,,,,,Y,1,1,3,1,A,-,01,23152,A,N,E,I,A,A,H,-,A,D,0,,,,,Y,Y,A,07,0,3,0,0,0,0,0,0,0,"- ","- ",39.681228637695312,-122.17813873291016,GLENN,UNINCORPORATED,-122.17812347412109,39.6812744140625
9511997,2022,2023-01-27,1101,2022-11-25,1630,510,ORLAN,5,5,2,1101,0,0,0,,0,ORLAND,"EAST ST","TEHAMA ST",0.00,,Y,A,-,N,,,,,,,,,,Y,2,0,1,2,A,-,09,21802,A,N,D,C,A,A,H,-,A,A,0,,,,,Y,,D,22,1,0,0,0,0,0,0,0,0,"- ","- ",,,GLENN,ORLAND,-122.18747711181641,39.749561309814453